Gene_ID	KEGG_ID
Phatr3_draftJ645	K01895
Phatr3_draftJ1048	K19269
Phatr3_draftJ1572	K01689
Phatr3_draftJ825	K01624
Phatr3_draftJ371	K01661
Phatr3_draftJ1192	K01689
Phatr3_draftJ375	K01624
Phatr3_draftJ1186	K19269
Phatr3_draftJ310	K08066
Phatr3_draftJ18	K18059
Phatr3_draftJ383	K10591
Phatr3_EG02342	K01534
Phatr3_draftJ391	K01534
Phatr3_draftJ392	K03424
Phatr3_draftJ1610	K22071
Phatr3_draftJ853	K07901
Phatr3_draftJ252	K26199
Phatr3_draftJ1611	K05857
Phatr3_draftJ1613	K05658
Phatr3_draftJ866	K02736
Phatr3_draftJ315	K08869
Phatr3_draftJ977	K02930
Phatr3_draftJ800	K04382
Phatr3_draftJ289	K23568
Phatr3_draftJ206	K02726
Phatr3_draftJ1111	K06178
Phatr3_draftJ263	K06891
Phatr3_draftJ417	K01850
Phatr3_draftJ1619	K00002
Phatr3_draftJ420	K11209
Phatr3_draftJ436	K03424
Phatr3_draftJ1259	K22071
Phatr3_draftJ430	K03424
Phatr3_draftJ313	K26199
Phatr3_draftJ1000	K05857
Phatr3_draftJ998	K07901
Phatr3_draftJ218	K17795
Phatr3_draftJ877	K17989
Phatr3_draftJ870	K15849
Phatr3_draftJ1637	K14544
Phatr3_draftJ1638	K10599
Phatr3_EG02360	K13861
Phatr3_draftJ1682	K13950
Phatr3_draftJ1656	K13293
Phatr3_draftJ1667	K14763
Phatr3_draftJ270	K00784
Phatr3_EG01348	K10277
Phatr3_draftJ116	K08869
Phatr3_EG02358	K02069
Phatr3_EG02359	K01597
Phatr3_EG02362	K02320
Phatr3_draftJ477	K02978
Phatr3_draftJ706	K06693
Phatr3_draftJ1660	K03500
Phatr3_draftJ465	K14050
Phatr3_draftJ1331	K03979
Phatr3_EG01350	K12863
Phatr3_draftJ521	K00605
Phatr3_draftJ1425	K00784
Phatr3_EG02374	K01230
Phatr3_EG01433	K11135
Phatr3_draftJ1436	K10768
Phatr3_draftJ542	K01738
Phatr3_EG01448	K15463
Phatr3_draftJ552	K01887
Phatr3_draftJ1024	K01581
Phatr3_draftJ1431	K05305
Phatr3_draftJ292	K04498
Phatr3_draftJ559	K00981
Phatr3_EG01428	K02999
Phatr3_draftJ913	K00789
Phatr3_draftJ79	K03363
Phatr3_draftJ1740	K04615
Phatr3_draftJ748	K27894
Phatr3_EG02375	K03778
Phatr3_draftJ509	K03679
Phatr3_draftJ1692	K02440
Phatr3_draftJ561	K01265
Phatr3_draftJ1367	K13800
Phatr3_draftJ1756	K04615
Phatr3_draftJ1812	K03650
Phatr3_draftJ1735	K12392
Phatr3_draftJ765	K17361
Phatr3_draftJ1750	K14724
Phatr3_draftJ52	K24194
Phatr3_draftJ955	K02999
Phatr3_EG02373	K10357
Phatr3_draftJ174	K13985
Phatr3_draftJ741	K20523
Phatr3_draftJ1689	K01662
Phatr3_draftJ224	K12849
Phatr3_draftJ1384	K14998
Phatr3_draftJ1023	K00428
Phatr3_EG02422	K10357
Phatr3_draftJ1393	K28081
Phatr3_EG02110	K10357
Phatr3_draftJ1380	K26544
Phatr3_draftJ780	K01883
Phatr3_draftJ1757	K01641
Phatr3_draftJ920	K12823
Phatr3_draftJ1025	K09834
Phatr3_draftJ1395	K00799
Phatr3_draftJ590	K14050
Phatr3_draftJ1759	K11594
Phatr3_EG02343	K13950
Phatr3_draftJ231	K07952
Phatr3_draftJ1549	K01734
Phatr3_draftJ1517	K00826
Phatr3_draftJ972	K03320
Phatr3_draftJ308	K13348
Phatr3_draftJ976	K01966
Phatr3_draftJ1540	K04859
Phatr3_draftJ611	K02732
Phatr3_EG01268	K14572
Phatr3_draftJ348	K00053
Phatr3_draftJ1143	K02372
Phatr3_draftJ1828	K00627
Phatr3_draftJ626	K09554
Phatr3_draftJ358	K03238
Phatr3_draftJ356	K10680
Phatr3_J13158	K04794
Phatr3_J36641	K21888
Phatr3_J36555	K09259
Phatr3_J13119	K24104
Phatr3_J46460	K12571
Phatr3_J36358	K06962
Phatr3_EG00726	K14764
Phatr3_J46556	K11068
Phatr3_J20857	K13091
Phatr3_J5288	K06864
Phatr3_J13073	K00059
Phatr3_J3061	K03797
Phatr3_J46411	K03217
Phatr3_J50964	K01740
Phatr3_J20809	K01735
Phatr3_J5769	K02876
Phatr3_EG02285	K08994
Phatr3_J12981	K12858
Phatr3_J36359	K00806
Phatr3_EG01996	K17907
Phatr3_J20787	K17732
Phatr3_J36390	K00799
Phatr3_J27877	K03320
Phatr3_J54569	K01210
Phatr3_J46336	K08994
Phatr3_J12989	K12452
Phatr3_EG00743	K17637
Phatr3_J20740	K14787
Phatr3_J46360	K08994
Phatr3_J36600	K02266
Phatr3_J20755	K02440
Phatr3_EG00772	K21867
Phatr3_EG02288	K00428
Phatr3_EG00747	K15283
Phatr3_J46546	K06911
Phatr3_J36531	K10878
Phatr3_J46372	K14964
Phatr3_J46568	K13339
Phatr3_EG02286	K00362
Phatr3_EG02287	K00948
Phatr3_J5526	K08269
Phatr3_J46607	K15109
Phatr3_J54598	K03327
Phatr3_J27976	K01595
Phatr3_J20885	K07393
Phatr3_J52058	K10357
Phatr3_J13157	K07955
Phatr3_J36420	K02939
Phatr3_J36347	K01845
Phatr3_J36398	K10536
Phatr3_J1813	K03320
Phatr3_J46479	K03240
Phatr3_J20757	K01599
Phatr3_J20837	K11340
Phatr3_J20893	K06178
Phatr3_J13034	K23503
Phatr3_J20905	K01424
Phatr3_EG02430	K01190
Phatr3_J13205	K11722
Phatr3_J46390	K12655
Phatr3_J231	K11654
Phatr3_J50971	K00262
Phatr3_J46408	K06173
Phatr3_EG02290	K00801
Phatr3_J5808	K13121
Phatr3_J46440	K14301
Phatr3_J20773	K11131
Phatr3_J46429	K03139
Phatr3_J13095	K14396
Phatr3_J13192	K12860
Phatr3_J12984	K08679
Phatr3_J20934	K00052
Phatr3_J36476	K11493
Phatr3_J13096	K02155
Phatr3_J13088	K03251
Phatr3_J12963	K24104
Phatr3_J54591	K18442
Phatr3_J46453	K14156
Phatr3_J12990	K13116
Phatr3_J28056	K00549
Phatr3_J20833	K03183
Phatr3_J54560	K02575
Phatr3_J36284	K06676
Phatr3_J50961	K00898
Phatr3_J46545	K20163
Phatr3_J13175	K00500
Phatr3_J13123	K00898
Phatr3_J27923	K02145
Phatr3_J13167	K15276
Phatr3_J13107	K07304
Phatr3_J36534	K05812
Phatr3_J13047	K17261
Phatr3_J46423	K23544
Phatr3_J13057	K11644
Phatr3_J27889	K06911
Phatr3_EG00779	K11967
Phatr3_EG00777	K08568
Phatr3_J13001	K00218
Phatr3_J36597	K13525
Phatr3_J13005	K00432
Phatr3_J13093	K14437
Phatr3_J46548	K01322
Phatr3_J54588	K05283
Phatr3_J13114	K10578
Phatr3_J54589	K09481
Phatr3_J1859	K04515
Phatr3_J46347	K05805
Phatr3_J46387	K00164
Phatr3_J27956	K02837
Phatr3_EG01999	K18995
Phatr3_J46588	K20183
Phatr3_J27905	K14859
Phatr3_J13169	K27887
Phatr3_J36620	K26171
Phatr3_J13053	K12867
Phatr3_J13028	K26957
Phatr3_J46344	K25384
Phatr3_J20779	K00616
Phatr3_J46461	K00872
Phatr3_J36634	K03145
Phatr3_EG02432	K01190
Phatr3_J46608	K17263
Phatr3_J46516	K14521
Phatr3_J3131	K06942
Phatr3_J46616	K00434
Phatr3_J46434	K11855
Phatr3_J46600	K15175
Phatr3_J36847	K10845
Phatr3_J46884	K14552
Phatr3_J46764	K13123
Phatr3_J37018	K17428
Phatr3_J46707	K14189
Phatr3_J52139	K08496
Phatr3_J46656	K03241
Phatr3_J46782	K10765
Phatr3_J28191	K00135
Phatr3_J3578	K06173
Phatr3_J46855	K00943
Phatr3_J13417	K03106
Phatr3_EG00808	K03321
Phatr3_J28222	K00616
Phatr3_J36913	K00145
Phatr3_J54642	K13525
Phatr3_J28331	K05539
Phatr3_J46684	K13024
Phatr3_J28245	K05016
Phatr3_J36976	K03834
Phatr3_J21147	K16185
Phatr3_J13476	K00640
Phatr3_J36995	K18826
Phatr3_J28285	K12819
Phatr3_J13235	K14776
Phatr3_J1864	K13412
Phatr3_J28237	K22804
Phatr3_J46869	K24682
Phatr3_J13358	K02636
Phatr3_EG02009	K00432
Phatr3_J46895	K13138
Phatr3_J21122	K07375
Phatr3_J21006	K13412
Phatr3_J46719	K03504
Phatr3_J46740	K03004
Phatr3_J54621	K03844
Phatr3_J52135	K11416
Phatr3_EG00850	K27682
Phatr3_J46706	K03524
Phatr3_J42051	K22503
Phatr3_J13428	K14553
Phatr3_J51005	K10747
Phatr3_J28234	K02938
Phatr3_J46785	K01784
Phatr3_J46846	K14840
Phatr3_J46694	K18106
Phatr3_J46790	K17408
Phatr3_J13520	K12883
Phatr3_J13395	K15376
Phatr3_J8230	K04078
Phatr3_J28215	K01076
Phatr3_J13459	K08489
Phatr3_J4286	K03453
Phatr3_J13360	K11094
Phatr3_J13383	K06027
Phatr3_J13382	K01807
Phatr3_J13254	K17783
Phatr3_J46837	K14766
Phatr3_J13265	K03403
Phatr3_J21030	K02146
Phatr3_J13537	K06941
Phatr3_J46880	K00799
Phatr3_J13538	K15116
Phatr3_EG02295	K22262
Phatr3_EG02293	K01853
Phatr3_J13534	K28792
Phatr3_J21073	K02975
Phatr3_J3639	K00010
Phatr3_J13505	K24348
Phatr3_EG00815	K18729
Phatr3_J21116	K01940
Phatr3_J13326	K03019
Phatr3_J13526	K12857
Phatr3_J46850	K08869
Phatr3_J36969	K09647
Phatr3_EG02294	K13412
Phatr3_J46653	K28778
Phatr3_J36742	K09941
Phatr3_J46726	K04648
Phatr3_EG02298	K00033
Phatr3_J28219	K03061
Phatr3_J36940	K09702
Phatr3_J8132	K12833
Phatr3_J20948	K08738
Phatr3_J13309	K18327
Phatr3_J46699	K03012
Phatr3_J13511	K12391
Phatr3_J2957	K06062
Phatr3_J36881	K11166
Phatr3_J13221	K10849
Phatr3_EG00811	K14773
Phatr3_J28202	K02729
Phatr3_J46736	K18477
Phatr3_J46865	K01247
Phatr3_J21201	K06118
Phatr3_J52110	K14286
Phatr3_J13232	K00318
Phatr3_J13237	K23801
Phatr3_J13281	K07565
Phatr3_J13331	K03797
Phatr3_J28068	K07509
Phatr3_J13402	K25079
Phatr3_EG00816	K24926
Phatr3_J36955	K15448
Phatr3_J1155	K00318
Phatr3_J13294	K06177
Phatr3_J46645	K28788
Phatr3_EG00845	K06948
Phatr3_EG00800	K19525
Phatr3_J46636	K13448
Phatr3_EG00794	K08775
Phatr3_EG00782	K12815
Phatr3_EG00797	K09553
Phatr3_EG00784	K07213
Phatr3_J13424	K03686
Phatr3_J46891	K20408
Phatr3_J13386	K00797
Phatr3_J46823	K21767
Phatr3_J46712	K03439
Phatr3_J46830	K12418
Phatr3_J28181	K00295
Phatr3_J46780	K14709
Phatr3_J5396	K04774
Phatr3_J36743	K11129
Phatr3_J36821	K00006
Phatr3_J36789	K23966
Phatr3_J13244	K00428
Phatr3_J52108	K01191
Phatr3_J46641	K15631
Phatr3_J13333	K01307
Phatr3_J36899	K17981
Phatr3_J13240	K25895
Phatr3_J13243	K02210
Phatr3_J46735	K02889
Phatr3_J46806	K02685
Phatr3_J46903	K17508
Phatr3_J13418	K03320
Phatr3_J46657	K02636
Phatr3_EG02296	K03163
Phatr3_J21198	K20280
Phatr3_J13365	K17499
Phatr3_J46838	K11548
Phatr3_J52094	K03027
Phatr3_EG02004	K05614
Phatr3_J21135	K01419
Phatr3_J1103	K13412
Phatr3_J21039	K14411
Phatr3_J13396	K14007
Phatr3_J36828	K15109
Phatr3_J36720	K12479
Phatr3_J36906	K01726
Phatr3_J28147	K02980
Phatr3_J21181	K00357
Phatr3_J46808	K09574
Phatr3_J51007	K14561
Phatr3_J2089	K03654
Phatr3_J13361	K02925
Phatr3_J21456	K11422
Phatr3_J28431	K00297
Phatr3_J13752	K15119
Phatr3_J13777	K01303
Phatr3_J37144	K25815
Phatr3_J42100	K03018
Phatr3_J28568	K15083
Phatr3_J47119	K10570
Phatr3_J37341	K01652
Phatr3_J13838	K12178
Phatr3_J47199	K06127
Phatr3_J37201	K15637
Phatr3_J13662	K17087
Phatr3_J13835	K24935
Phatr3_EG02057	K02930
Phatr3_J21420	K20792
Phatr3_J46969	K10415
Phatr3_J47090	K00275
Phatr3_J54699	K10865
Phatr3_J21207	K08869
Phatr3_J47026	K14694
Phatr3_J47010	K14005
Phatr3_J7342	K22071
Phatr3_J52173	K08741
Phatr3_J7525	K06891
Phatr3_J13643	K01640
Phatr3_J46999	K00809
Phatr3_J28348	K13989
Phatr3_J28482	K14403
Phatr3_J37131	K09499
Phatr3_J37234	K05307
Phatr3_J47058	K14844
Phatr3_J54677	K02327
Phatr3_J47020	K22746
Phatr3_J4896	K03978
Phatr3_J13664	K05544
Phatr3_J47235	K15025
Phatr3_J37077	K04554
Phatr3_J13710	K09919
Phatr3_J13581	K03164
Phatr3_J51024	K02537
Phatr3_J47113	K13143
Phatr3_J28374	K22068
Phatr3_J46971	K15338
Phatr3_J37212	K23802
Phatr3_J13706	K03839
Phatr3_J28445	K11251
Phatr3_J21323	K02974
Phatr3_J21430	K09497
Phatr3_J51026	K06067
Phatr3_J47176	K21971
Phatr3_J21354	K02259
Phatr3_J37260	K16075
Phatr3_J47106	K01255
Phatr3_J13834	K15544
Phatr3_J21239	K11253
Phatr3_J13557	K00472
Phatr3_J47239	K14683
Phatr3_J21369	K11206
Phatr3_J52174	K03164
Phatr3_J28433	K10575
Phatr3_J21290	K03754
Phatr3_J47062	K09562
Phatr3_J28562	K02949
Phatr3_J37086	K00993
Phatr3_J46957	K06178
Phatr3_J13682	K02998
Phatr3_J47230	K13144
Phatr3_J13789	K00944
Phatr3_J21316	K02470
Phatr3_J51040	K04728
Phatr3_J47158	K11863
Phatr3_J37367	K09458
Phatr3_J21296	K01012
Phatr3_J47099	K12275
Phatr3_J21275	K01076
Phatr3_J47011	K11654
Phatr3_EG01219	K01180
Phatr3_J37328	K00164
Phatr3_J46994	K14559
Phatr3_J47054	K03126
Phatr3_J47116	K03023
Phatr3_J13820	K14797
Phatr3_J21388	K12854
Phatr3_J5419	K02510
Phatr3_J47180	K14400
Phatr3_J13779	K22399
Phatr3_J47218	K03305
Phatr3_J3251	K11323
Phatr3_J13617	K08796
Phatr3_J47127	K10885
Phatr3_J47109	K00164
Phatr3_EG01208	K13095
Phatr3_J42104	K00940
Phatr3_J47067	K11787
Phatr3_J7072	K18532
Phatr3_J51017	K04382
Phatr3_J21441	K08193
Phatr3_J47043	K01076
Phatr3_J47080	K17279
Phatr3_J47120	K00784
Phatr3_J13549	K09660
Phatr3_J21350	K01026
Phatr3_J37291	K07573
Phatr3_J13757	K07305
Phatr3_J28577	K05956
Phatr3_J13622	K03028
Phatr3_J13691	K08504
Phatr3_J2208	K22766
Phatr3_J47096	K15637
Phatr3_J54688	K10357
Phatr3_J28359	K02865
Phatr3_J54703	K00972
Phatr3_J37372	K07753
Phatr3_J13606	K18550
Phatr3_J13602	K01254
Phatr3_J47078	K03574
Phatr3_J47233	K25058
Phatr3_J47039	K03262
Phatr3_J47148	K03305
Phatr3_J13566	K03011
Phatr3_J28551	K11654
Phatr3_J47005	K05906
Phatr3_J47152	K12450
Phatr3_J47179	K20093
Phatr3_J47161	K03424
Phatr3_J47027	K15030
Phatr3_J54751	K17065
Phatr3_J37590	K17808
Phatr3_EG00870	K03963
Phatr3_J21664	K08711
Phatr3_J28585	K00826
Phatr3_J21608	K08081
Phatr3_J47510	K05275
Phatr3_J42129	K22182
Phatr3_J47389	K00920
Phatr3_EG02013	K16186
Phatr3_J47247	K25166
Phatr3_J28684	K12847
Phatr3_EG00878	K14347
Phatr3_J47517	K09668
Phatr3_J13951	K00262
Phatr3_J2037	K16302
Phatr3_J2394	K01883
Phatr3_J47514	K11375
Phatr3_J21548	K05658
Phatr3_J47275	K20180
Phatr3_J37615	K07390
Phatr3_J54743	K12816
Phatr3_J54738	K01803
Phatr3_J47271	K00804
Phatr3_J47416	K24758
Phatr3_J3267	K05359
Phatr3_J47282	K05289
Phatr3_J21543	K11414
Phatr3_J37632	K22736
Phatr3_J14143	K09420
Phatr3_J14002	K03842
Phatr3_J21513	K01873
Phatr3_EG00912	K06958
Phatr3_J37595	K07002
Phatr3_EG00932	K11393
Phatr3_J54726	K17339
Phatr3_J14068	K09142
Phatr3_J37441	K07018
Phatr3_J14032	K13181
Phatr3_J47276	K24748
Phatr3_J21485	K03250
Phatr3_J21557	K14820
Phatr3_EG02304	K15446
Phatr3_J7923	K14821
Phatr3_J37596	K14798
Phatr3_J52208	K13953
Phatr3_J47425	K11339
Phatr3_J14090	K10706
Phatr3_J6076	K13989
Phatr3_J14145	K14843
Phatr3_EG00928	K17744
Phatr3_J47392	K10842
Phatr3_J21682	K15449
Phatr3_J37652	K00645
Phatr3_J37436	K18802
Phatr3_J13944	K11145
Phatr3_J47417	K03165
Phatr3_J21519	K09490
Phatr3_J28797	K00507
Phatr3_J28818	K12176
Phatr3_J13855	K06182
Phatr3_J14003	K08287
Phatr3_J47361	K01142
Phatr3_J8461	K12492
Phatr3_J28833	K06013
Phatr3_J1457	K15042
Phatr3_J47430	K03008
Phatr3_J47407	K09123
Phatr3_J13864	K11088
Phatr3_J28794	K02154
Phatr3_J47496	K12199
Phatr3_J21667	K18423
Phatr3_J42126	K10949
Phatr3_J13890	K02433
Phatr3_EG00902	K11126
Phatr3_J14149	K14850
Phatr3_J47268	K03116
Phatr3_J47345	K06173
Phatr3_J14138	K03439
Phatr3_J13994	K14696
Phatr3_J47395	K00434
Phatr3_J37723	K02328
Phatr3_J28689	K14807
Phatr3_J47306	K13984
Phatr3_J47254	K20781
Phatr3_J14084	K13119
Phatr3_J28841	K00661
Phatr3_EG00884	K23539
Phatr3_J47365	K13179
Phatr3_J47458	K13118
Phatr3_J52223	K00861
Phatr3_J28652	K03644
Phatr3_J47297	K07766
Phatr3_J47273	K03349
Phatr3_J37579	K17427
Phatr3_J54748	K06213
Phatr3_J13931	K09549
Phatr3_EG00875	K12614
Phatr3_J54709	K13507
Phatr3_J28730	K09578
Phatr3_J21535	K07893
Phatr3_J47314	K16569
Phatr3_J21659	K02912
Phatr3_J21538	K14769
Phatr3_J37569	K17878
Phatr3_J51066	K02966
Phatr3_EG00868	K20195
Phatr3_J37520	K10903
Phatr3_J47393	K14309
Phatr3_J14125	K03715
Phatr3_EG00879	K06176
Phatr3_J47516	K13346
Phatr3_J54731	K00434
Phatr3_J28694	K14753
Phatr3_J28620	K11353
Phatr3_J52198	K03036
Phatr3_EG02303	K10588
Phatr3_J47369	K10730
Phatr3_EG02017	K06620
Phatr3_J47492	K17768
Phatr3_J28737	K03231
Phatr3_J54718	K12403
Phatr3_J13921	K12946
Phatr3_J51058	K02149
Phatr3_J47404	K10838
Phatr3_J13894	K00627
Phatr3_EG02015	K16186
Phatr3_J13987	K12235
Phatr3_J47242	K28769
Phatr3_J47390	K05288
Phatr3_J47412	K20103
Phatr3_J13856	K28105
Phatr3_J21592	K01586
Phatr3_EG00941	K16609
Phatr3_J28723	K17972
Phatr3_J769	K14571
Phatr3_J52260	K11593
Phatr3_EG00655	K10352
Phatr3_J21789	K09495
Phatr3_J21791	K12486
Phatr3_J14301	K12304
Phatr3_J38015	K09503
Phatr3_J14374	K03627
Phatr3_J47740	K02914
Phatr3_J47704	K11835
Phatr3_J14255	K03680
Phatr3_J47737	K12893
Phatr3_J14176	K24725
Phatr3_J29014	K01624
Phatr3_J54787	K11718
Phatr3_J47667	K14683
Phatr3_J14202	K00901
Phatr3_J47619	K10896
Phatr3_J47555	K10689
Phatr3_EG02275	K02836
Phatr3_J14208	K00227
Phatr3_EG00663	K03574
Phatr3_EG02276	K00384
Phatr3_J54756	K00981
Phatr3_EG00664	K21232
Phatr3_J14177	K10591
Phatr3_J14212	K13431
Phatr3_J29029	K01874
Phatr3_J859	K00624
Phatr3_J47759	K12878
Phatr3_J47526	K14546
Phatr3_J21794	K11805
Phatr3_J47595	K03978
Phatr3_J14230	K00766
Phatr3_J47666	K14683
Phatr3_J14366	K15111
Phatr3_J47536	K00208
Phatr3_J14339	K20791
Phatr3_J47594	K03100
Phatr3_J47656	K05034
Phatr3_EG00657	K02731
Phatr3_J47614	K13806
Phatr3_J47599	K16302
Phatr3_J28874	K12183
Phatr3_J21897	K04536
Phatr3_J29004	K01092
Phatr3_EG02270	K03564
Phatr3_J14180	K10875
Phatr3_J3425	K21027
Phatr3_J21868	K01495
Phatr3_J42151	K09503
Phatr3_J47670	K17086
Phatr3_J54772	K12175
Phatr3_J47576	K00995
Phatr3_EG02271	K07376
Phatr3_J52248	K01231
Phatr3_J47726	K09522
Phatr3_J21829	K00991
Phatr3_J29011	K02155
Phatr3_J21882	K02155
Phatr3_J47706	K21848
Phatr3_J52268	K06130
Phatr3_J37858	K09833
Phatr3_J47620	K05850
Phatr3_J37793	K06911
Phatr3_J14356	K01724
Phatr3_J54754	K03178
Phatr3_J47538	K19327
Phatr3_J38009	K00627
Phatr3_J14260	K03941
Phatr3_J1745	K11583
Phatr3_J37949	K12846
Phatr3_J14284	K00850
Phatr3_J28984	K14777
Phatr3_J54789	K12397
Phatr3_J52286	K01696
Phatr3_J51073	K08516
Phatr3_J14269	K02905
Phatr3_J29016	K00164
Phatr3_J14161	K14806
Phatr3_J14345	K10591
Phatr3_J28979	K02870
Phatr3_J37855	K09668
Phatr3_EG00643	K15692
Phatr3_J52285	K14402
Phatr3_J47685	K11754
Phatr3_J28882	K17497
Phatr3_J28937	K00766
Phatr3_J47790	K15445
Phatr3_J38124	K03675
Phatr3_J29212	K13137
Phatr3_J47804	K02921
Phatr3_J14387	K01358
Phatr3_J14412	K03110
Phatr3_J14450	K02937
Phatr3_J29136	K05692
Phatr3_J38261	K00939
Phatr3_J21929	K05236
Phatr3_J38130	K12194
Phatr3_J14639	K19269
Phatr3_J51110	K02218
Phatr3_J47883	K17973
Phatr3_J47967	K15429
Phatr3_J47918	K15414
Phatr3_J14478	K22071
Phatr3_J29097	K02989
Phatr3_J29157	K00927
Phatr3_J52316	K00928
Phatr3_J47896	K12600
Phatr3_J14442	K08907
Phatr3_J14391	K06158
Phatr3_J47885	K03939
Phatr3_J3388	K03086
Phatr3_J48010	K11518
Phatr3_J14572	K12826
Phatr3_J1391	K01288
Phatr3_J14553	K08825
Phatr3_EG01981	K09516
Phatr3_J29260	K00615
Phatr3_J47951	K11364
Phatr3_J7848	K12623
Phatr3_J47826	K14376
Phatr3_J14561	K24205
Phatr3_J14472	K21440
Phatr3_J51100	K11087
Phatr3_J47998	K08876
Phatr3_J38362	K01649
Phatr3_EG00596	K06994
Phatr3_J14626	K01244
Phatr3_J22064	K06685
Phatr3_J14535	K02895
Phatr3_EG00607	K23951
Phatr3_J14618	K02132
Phatr3_J267	K01408
Phatr3_J47899	K12492
Phatr3_J54805	K14950
Phatr3_J29217	K26736
Phatr3_J47985	K01408
Phatr3_J29196	K04802
Phatr3_J54813	K12606
Phatr3_J14426	K03531
Phatr3_J47935	K06173
Phatr3_J22113	K12524
Phatr3_J14552	K06168
Phatr3_J47908	K01535
Phatr3_J47886	K08827
Phatr3_J14607	K10858
Phatr3_J22027	K17777
Phatr3_J29223	K03083
Phatr3_J21996	K07562
Phatr3_J21922	K03595
Phatr3_J14571	K02739
Phatr3_J14477	K22991
Phatr3_J14536	K12399
Phatr3_J5156	K00472
Phatr3_J29174	K15042
Phatr3_J21988	K01006
Phatr3_J14449	K02732
Phatr3_J14544	K02155
Phatr3_J47919	K14816
Phatr3_J48037	K07140
Phatr3_J14518	K17550
Phatr3_J42169	K15423
Phatr3_J47947	K14848
Phatr3_J21983	K12662
Phatr3_J14401	K01637
Phatr3_J14599	K03086
Phatr3_EG00567	K28476
Phatr3_J38209	K12861
Phatr3_J38312	K15153
Phatr3_J38338	K09489
Phatr3_J14457	K07466
Phatr3_J14403	K14724
Phatr3_J47999	K01872
Phatr3_J22095	K07877
Phatr3_EG01984	K04646
Phatr3_J48034	K15692
Phatr3_J47954	K15102
Phatr3_J14529	K01507
Phatr3_J38165	K00793
Phatr3_J22019	K00253
Phatr3_J38325	K11530
Phatr3_J14444	K07441
Phatr3_J29042	K15272
Phatr3_J14502	K22943
Phatr3_J47943	K03260
Phatr3_J29177	K02880
Phatr3_J14646	K24790
Phatr3_J38196	K23978
Phatr3_J4049	K05542
Phatr3_J51092	K01915
Phatr3_J38085	K03147
Phatr3_J8365	K03769
Phatr3_J14453	K04371
Phatr3_J14549	K18041
Phatr3_J22122	K00134
Phatr3_EG02269	K22139
Phatr3_J4950	K00472
Phatr3_J4073	K01424
Phatr3_J5651	K06630
Phatr3_J676	K01534
Phatr3_J48206	K10746
Phatr3_J14696	K03768
Phatr3_J2444	K10395
Phatr3_J54873	K22684
Phatr3_J14769	K07304
Phatr3_J38686	K15280
Phatr3_J48146	K23788
Phatr3_J14843	K10589
Phatr3_J38448	K01255
Phatr3_J5467	K15042
Phatr3_EG02281	K15102
Phatr3_J54844	K00726
Phatr3_J48109	K06709
Phatr3_J14778	K05681
Phatr3_J14756	K09595
Phatr3_J14857	K00991
Phatr3_J48177	K06877
Phatr3_EG00677	K09648
Phatr3_J5465	K10144
Phatr3_EG01990	K17086
Phatr3_J48136	K10750
Phatr3_J48257	K28778
Phatr3_J48210	K27905
Phatr3_J48103	K15296
Phatr3_J14849	K22066
Phatr3_J38702	K00472
Phatr3_J48190	K01284
Phatr3_J14702	K08794
Phatr3_J1129	K00111
Phatr3_J22315	K15102
Phatr3_J48117	K14347
Phatr3_J3369	K00849
Phatr3_J52343	K07238
Phatr3_J22247	K04382
Phatr3_J38493	K10882
Phatr3_EG02280	K27887
Phatr3_J48151	K22684
Phatr3_J52346	K10085
Phatr3_J48170	K06276
Phatr3_J29317	K03347
Phatr3_EG00672	K09419
Phatr3_J14805	K09392
Phatr3_J38509	K01476
Phatr3_J38445	K07238
Phatr3_J14699	K10144
Phatr3_J51128	K00134
Phatr3_J14767	K25931
Phatr3_J29340	K11843
Phatr3_J14770	K07152
Phatr3_J51114	K08081
Phatr3_J2271	K03977
Phatr3_J48112	K00226
Phatr3_J48204	K17756
Phatr3_J51120	K01869
Phatr3_J14771	K14754
Phatr3_J14787	K12483
Phatr3_J48078	K00624
Phatr3_J14785	K11188
Phatr3_J48157	K17506
Phatr3_EG01993	K17086
Phatr3_J14885	K03671
Phatr3_J14735	K03517
Phatr3_J14827	K17255
Phatr3_J5060	K09392
Phatr3_J3334	K15335
Phatr3_J22319	K15042
Phatr3_J48153	K11529
Phatr3_J14845	K10899
Phatr3_J29309	K01256
Phatr3_J14856	K06183
Phatr3_J38525	K12736
Phatr3_J4283	K17893
Phatr3_J48260	K00222
Phatr3_J54869	K14319
Phatr3_J54872	K22684
Phatr3_J14850	K20298
Phatr3_J52367	K01534
Phatr3_EG00704	K12619
Phatr3_J29456	K00134
Phatr3_J48166	K07735
Phatr3_J38694	K00472
Phatr3_J22187	K00281
Phatr3_J38498	K14347
Phatr3_J14792	K00927
Phatr3_J38642	K05662
Phatr3_J14688	K08869
Phatr3_J22166	K07238
Phatr3_J14762	K00031
Phatr3_J48178	K10716
Phatr3_J48202	K27905
Phatr3_J29423	K08997
Phatr3_J38678	K27706
Phatr3_J52368	K14802
Phatr3_J14713	K02871
Phatr3_J14981	K16914
Phatr3_J5527	K13239
Phatr3_J14899	K03357
Phatr3_J38884	K06991
Phatr3_J54915	K01738
Phatr3_J3351	K02528
Phatr3_J48381	K24736
Phatr3_J38755	K00459
Phatr3_J48390	K20404
Phatr3_J48423	K10256
Phatr3_J15019	K15507
Phatr3_J29608	K15542
Phatr3_J38886	K03355
Phatr3_J15031	K00914
Phatr3_J14983	K12835
Phatr3_J48315	K02168
Phatr3_J38893	K12189
Phatr3_J38946	K11717
Phatr3_EG00549	K20286
Phatr3_J48414	K01930
Phatr3_J22418	K03781
Phatr3_J29606	K01173
Phatr3_J29561	K15498
Phatr3_J15016	K09421
Phatr3_J48310	K22366
Phatr3_J29502	K10610
Phatr3_J14962	K01739
Phatr3_J3145	K09680
Phatr3_J6437	K01764
Phatr3_J52412	K05016
Phatr3_J15063	K26544
Phatr3_J14995	K03531
Phatr3_J29532	K19036
Phatr3_EG02261	K01595
Phatr3_J38965	K18681
Phatr3_J6062	K08915
Phatr3_J14998	K06158
Phatr3_J14915	K02863
Phatr3_J48415	K20372
Phatr3_J15042	K03167
Phatr3_J38848	K10846
Phatr3_J14945	K20363
Phatr3_J38931	K15178
Phatr3_J22404	K00873
Phatr3_J14917	K00604
Phatr3_J51134	K03695
Phatr3_EG00556	K11374
Phatr3_J14927	K19054
Phatr3_J48411	K02981
Phatr3_J38930	K12251
Phatr3_J15081	K00898
Phatr3_J29488	K21737
Phatr3_J4674	K14058
Phatr3_J48430	K03107
Phatr3_J22367	K03869
Phatr3_J7346	K02896
Phatr3_J15083	K14677
Phatr3_J38891	K00817
Phatr3_J38963	K07560
Phatr3_J48306	K15026
Phatr3_J48341	K09704
Phatr3_J29551	K22390
Phatr3_J22357	K01915
Phatr3_J1174	K05841
Phatr3_J48316	K02838
Phatr3_J48338	K01148
Phatr3_J22459	K12418
Phatr3_J48416	K15335
Phatr3_J14994	K00820
Phatr3_J15032	K03687
Phatr3_J48393	K00382
Phatr3_J22353	K14724
Phatr3_J48388	K15287
Phatr3_J48425	K24427
Phatr3_J7656	K01456
Phatr3_J48444	K00164
Phatr3_J15068	K00228
Phatr3_J22398	K18798
Phatr3_J48699	K02866
Phatr3_J605	K17680
Phatr3_J15089	K03671
Phatr3_J15186	K01872
Phatr3_J39090	K03868
Phatr3_J48664	K00894
Phatr3_EG00517	K15264
Phatr3_J22629	K08711
Phatr3_J48698	K12389
Phatr3_J48517	K00574
Phatr3_J29633	K00574
Phatr3_J48636	K00432
Phatr3_J48523	K00902
Phatr3_J15160	K10427
Phatr3_J48508	K03108
Phatr3_J48643	K17609
Phatr3_EG01955	K11262
Phatr3_J48512	K10582
Phatr3_J22554	K03843
Phatr3_J48694	K00003
Phatr3_J15214	K00799
Phatr3_J48620	K03575
Phatr3_J15121	K14416
Phatr3_J29736	K00365
Phatr3_J48601	K09701
Phatr3_J29660	K00326
Phatr3_J22597	K03016
Phatr3_J29711	K02150
Phatr3_J38985	K18586
Phatr3_J48547	K15027
Phatr3_J48511	K07240
Phatr3_J48567	K20304
Phatr3_J15125	K02377
Phatr3_J48559	K11885
Phatr3_J39151	K00756
Phatr3_J8000	K15333
Phatr3_J29658	K00326
Phatr3_J22622	K03596
Phatr3_J6834	K00759
Phatr3_J15145	K02155
Phatr3_J52425	K06639
Phatr3_J29702	K01427
Phatr3_J54935	K11827
Phatr3_J228	K01537
Phatr3_J7018	K20472
Phatr3_EG02259	K02069
Phatr3_J22568	K11517
Phatr3_J22525	K06689
Phatr3_J29758	K08776
Phatr3_J48638	K04799
Phatr3_EG01957	K09512
Phatr3_EG00494	K10352
Phatr3_J6697	K23166
Phatr3_J48662	K14026
Phatr3_J5145	K03189
Phatr3_J522	K03252
Phatr3_EG01961	K05643
Phatr3_J15264	K11498
Phatr3_J15140	K16055
Phatr3_J7934	K09512
Phatr3_J22609	K02155
Phatr3_J15239	K09602
Phatr3_J2966	K04487
Phatr3_J48755	K27947
Phatr3_J48855	K06947
Phatr3_J15349	K07953
Phatr3_J15341	K13348
Phatr3_J48787	K13176
Phatr3_J29821	K01206
Phatr3_J48810	K10579
Phatr3_J39403	K12150
Phatr3_J39335	K08064
Phatr3_EG02237	K00472
Phatr3_J48912	K22381
Phatr3_J39466	K05770
Phatr3_J15355	K04532
Phatr3_J48875	K18757
Phatr3_J39282	K01206
Phatr3_J22774	K02937
Phatr3_J22713	K07874
Phatr3_J15399	K12947
Phatr3_J54958	K17080
Phatr3_J29885	K06215
Phatr3_J15338	K13108
Phatr3_J15301	K09527
Phatr3_J3924	K05610
Phatr3_J29793	K02493
Phatr3_J15479	K13412
Phatr3_EG01940	K17080
Phatr3_J22703	K12591
Phatr3_EG00378	K21797
Phatr3_J39432	K01113
Phatr3_J22658	K11108
Phatr3_J29967	K14293
Phatr3_J29861	K02687
Phatr3_J22819	K13348
Phatr3_J15482	K27605
Phatr3_J29812	K05692
Phatr3_EG01943	K11407
Phatr3_J48822	K03232
Phatr3_EG00410	K14326
Phatr3_J15393	K03809
Phatr3_J15281	K27690
Phatr3_J15320	K16302
Phatr3_J39419	K07277
Phatr3_J15374	K01875
Phatr3_J48904	K15277
Phatr3_EG00409	K10388
Phatr3_J48728	K03626
Phatr3_J29824	K01870
Phatr3_EG02242	K18442
Phatr3_J39499	K00913
Phatr3_J15417	K18183
Phatr3_J15294	K21027
Phatr3_J52468	K17686
Phatr3_EG00395	K25223
Phatr3_J48783	K08796
Phatr3_J48747	K11446
Phatr3_J15354	K14792
Phatr3_J48911	K00974
Phatr3_J39274	K03455
Phatr3_J48732	K00472
Phatr3_J22677	K04712
Phatr3_J48857	K27103
Phatr3_J22739	K15272
Phatr3_J48763	K06634
Phatr3_J39421	K03281
Phatr3_J51157	K05692
Phatr3_J15423	K00254
Phatr3_J48883	K10586
Phatr3_J15481	K14768
Phatr3_J22659	K08997
Phatr3_J42245	K00311
Phatr3_J48865	K01206
Phatr3_J2215	K09480
Phatr3_EG02239	K27887
Phatr3_J42247	K01893
Phatr3_J48746	K20523
Phatr3_J29887	K00763
Phatr3_J22797	K23564
Phatr3_EG02238	K00797
Phatr3_J5904	K12191
Phatr3_J15329	K16900
Phatr3_J51169	K07936
Phatr3_J48846	K26404
Phatr3_EG02241	K10808
Phatr3_J22666	K09498
Phatr3_J15442	K04461
Phatr3_J39269	K09704
Phatr3_J15324	K03294
Phatr3_J15286	K17607
Phatr3_J29958	K12836
Phatr3_J39374	K07465
Phatr3_J48731	K01414
Phatr3_J52450	K10753
Phatr3_J15495	K00845
Phatr3_J17846	K02901
Phatr3_J9386	K08856
Phatr3_J17954	K03263
Phatr3_J42694	K22647
Phatr3_J31768	K02357
Phatr3_J43008	K20295
Phatr3_J9476	K00166
Phatr3_J17928	K02155
Phatr3_J54028	K12396
Phatr3_J8720	K02879
Phatr3_J43071	K00565
Phatr3_J6528	K07238
Phatr3_EG02196	K18663
Phatr3_J32178	K06316
Phatr3_J3969	K00930
Phatr3_J8821	K05657
Phatr3_J17555	K15111
Phatr3_J31879	K04460
Phatr3_J17974	K14793
Phatr3_J43164	K00218
Phatr3_J54049	K03372
Phatr3_J31665	K25191
Phatr3_J32173	K13342
Phatr3_J43018	K18914
Phatr3_J42539	K02449
Phatr3_J43105	K06943
Phatr3_J9020	K24730
Phatr3_J42429	K12603
Phatr3_J43136	K20307
Phatr3_EG01874	K21766
Phatr3_J43103	K20178
Phatr3_J8815	K03094
Phatr3_J54067	K08065
Phatr3_EG02188	K20029
Phatr3_J24362	K11713
Phatr3_J6927	K03762
Phatr3_J31650	K14611
Phatr3_J42527	K00854
Phatr3_J2761	K22390
Phatr3_J43171	K05389
Phatr3_EG02405	K07376
Phatr3_J42458	K00831
Phatr3_J43223	K10758
Phatr3_J8840	K12626
Phatr3_EG02409	K03841
Phatr3_J17408	K12830
Phatr3_J43162	K02900
Phatr3_J42828	K13207
Phatr3_J9359	K03841
Phatr3_J53929	K00869
Phatr3_J24865	K03035
Phatr3_J17909	K12737
Phatr3_J43251	K07937
Phatr3_J31948	K01082
Phatr3_J43086	K09613
Phatr3_J8835	K06443
Phatr3_J17199	K13750
Phatr3_J9320	K03033
Phatr3_J7349	K11128
Phatr3_EG01770	K19525
Phatr3_J42959	K00557
Phatr3_J9529	K10901
Phatr3_J42584	K02213
Phatr3_J9601	K10365
Phatr3_J24886	K11295
Phatr3_J43277	K01850
Phatr3_J9164	K03671
Phatr3_J9538	K00392
Phatr3_J17545	K02984
Phatr3_J9427	K07432
Phatr3_J24474	K02728
Phatr3_J6288	K01094
Phatr3_J9327	K03070
Phatr3_J32290	K15340
Phatr3_J9344	K06628
Phatr3_EG02410	K00797
Phatr3_J51305	K01673
Phatr3_J54038	K14767
Phatr3_J24439	K14298
Phatr3_J9200	K04411
Phatr3_J31925	K00799
Phatr3_J51404	K01834
Phatr3_J5588	K12618
Phatr3_J42799	K10661
Phatr3_J43046	K10861
Phatr3_J31559	K08498
Phatr3_J9255	K10249
Phatr3_J9609	K15356
Phatr3_J9576	K12581
Phatr3_J17362	K07304
Phatr3_J32434	K15382
Phatr3_J43274	K24086
Phatr3_J42927	K06213
Phatr3_J9033	K08490
Phatr3_J17215	K01011
Phatr3_J42832	K04564
Phatr3_J41676	K00940
Phatr3_J32202	K04567
Phatr3_J42548	K03501
Phatr3_J9158	K10393
Phatr3_J9388	K04505
Phatr3_EG02178	K00121
Phatr3_J9259	K02884
Phatr3_J41686	K15372
Phatr3_J17779	K11279
Phatr3_J17728	K14439
Phatr3_J17628	K00777
Phatr3_J9211	K16330
Phatr3_J8842	K14791
Phatr3_EG02403	K01893
Phatr3_J31544	K03153
Phatr3_J42831	K14569
Phatr3_J42995	K11322
Phatr3_J43092	K15210
Phatr3_J43023	K02144
Phatr3_J42907	K00249
Phatr3_J24820	K04077
Phatr3_J9078	K08902
Phatr3_J8860	K00679
Phatr3_J31649	K15382
Phatr3_J9639	K22913
Phatr3_J31440	K03955
Phatr3_J8683	K07304
Phatr3_J42566	K09584
Phatr3_J42687	K17985
Phatr3_J7114	K17790
Phatr3_J42975	K20182
Phatr3_J9411	K02956
Phatr3_J9444	K15276
Phatr3_J31975	K17868
Phatr3_J31423	K08334
Phatr3_EG02181	K24350
Phatr3_J8763	K03648
Phatr3_J17633	K04043
Phatr3_J9246	K07071
Phatr3_J17487	K18121
Phatr3_J43038	K20179
Phatr3_J9231	K12580
Phatr3_J8407	K24780
Phatr3_J17401	K00627
Phatr3_J32038	K03978
Phatr3_J43211	K12821
Phatr3_J8777	K14823
Phatr3_J17862	K12823
Phatr3_J8770	K12483
Phatr3_J8876	K00859
Phatr3_J42998	K12618
Phatr3_EG02197	K09518
Phatr3_J31878	K09958
Phatr3_J7430	K09250
Phatr3_J31599	K00135
Phatr3_J9252	K27605
Phatr3_J42942	K20164
Phatr3_J8659	K07942
Phatr3_J42563	K17655
Phatr3_J9372	K03235
Phatr3_J42750	K28390
Phatr3_J9348	K01493
Phatr3_J43099	K00655
Phatr3_EG02464	K00948
Phatr3_J7961	K22184
Phatr3_J43222	K00612
Phatr3_J42928	K15198
Phatr3_J43140	K15303
Phatr3_J9241	K03100
Phatr3_J24748	K06965
Phatr3_J6387	K07507
Phatr3_J8810	K03165
Phatr3_J9137	K03635
Phatr3_J6934	K01858
Phatr3_J5928	K09838
Phatr3_J9180	K05673
Phatr3_J41701	K25866
Phatr3_J9617	K11000
Phatr3_J17936	K18467
Phatr3_J17166	K20367
Phatr3_J24739	K00284
Phatr3_J9161	K03217
Phatr3_J8765	K00606
Phatr3_EG01852	K13984
Phatr3_J17344	K06901
Phatr3_J8802	K02970
Phatr3_J9316	K03921
Phatr3_J32099	K09537
Phatr3_J31994	K03841
Phatr3_J17276	K03094
Phatr3_J9185	K24887
Phatr3_J42848	K02988
Phatr3_J54019	K03283
Phatr3_J42843	K23643
Phatr3_J42712	K15306
Phatr3_J8990	K15104
Phatr3_J8975	K00006
Phatr3_J17259	K03038
Phatr3_J31918	K22145
Phatr3_J42673	K14006
Phatr3_J42732	K01974
Phatr3_J8754	K13525
Phatr3_J42809	K10407
Phatr3_J51454	K03801
Phatr3_J32176	K23555
Phatr3_J32097	K12196
Phatr3_J51460	K18787
Phatr3_J8976	K03236
Phatr3_J17885	K07342
Phatr3_J8890	K08272
Phatr3_EG01809	K02519
Phatr3_J9654	K00013
Phatr3_J42726	K10807
Phatr3_J24493	K03264
Phatr3_J42844	K15332
Phatr3_J2782	K22985
Phatr3_J53935	K01783
Phatr3_J1690	K13998
Phatr3_J42636	K15436
Phatr3_J17504	K03798
Phatr3_J42935	K02604
Phatr3_J31997	K22756
Phatr3_EG01867	K04773
Phatr3_J42559	K17796
Phatr3_J17300	K16794
Phatr3_EG02402	K01889
Phatr3_EG01869	K09553
Phatr3_J53939	K02730
Phatr3_J8987	K15102
Phatr3_J3062	K11308
Phatr3_J42892	K08874
Phatr3_J51412	K02212
Phatr3_J17519	K02960
Phatr3_J51407	K02335
Phatr3_J9035	K07390
Phatr3_J8657	K00968
Phatr3_J8717	K00600
Phatr3_J42638	K15275
Phatr3_J9235	K03002
Phatr3_J9277	K05986
Phatr3_EG02179	K03660
Phatr3_J24783	K04798
Phatr3_J8663	K00995
Phatr3_J9554	K02961
Phatr3_J42934	K01135
Phatr3_J24922	K03017
Phatr3_J17198	K01870
Phatr3_J8866	K13412
Phatr3_J6580	K18192
Phatr3_J32255	K15223
Phatr3_J43104	K12607
Phatr3_J9409	K03686
Phatr3_J8670	K01414
Phatr3_J9446	K10770
Phatr3_J24775	K10841
Phatr3_J9509	K20367
Phatr3_J24792	K00773
Phatr3_J54066	K08517
Phatr3_J3311	K01738
Phatr3_J3362	K01611
Phatr3_J43010	K00999
Phatr3_J42815	K06047
Phatr3_J9625	K04505
Phatr3_J25000	K08967
Phatr3_EG01752	K13917
Phatr3_J17335	K07079
Phatr3_EG02184	K18663
Phatr3_J8741	K12471
Phatr3_J17860	K03521
Phatr3_EG01815	K00640
Phatr3_J42447	K01623
Phatr3_J9649	K03872
Phatr3_J9319	K12827
Phatr3_J42917	K01062
Phatr3_J7108	K08658
Phatr3_J43202	K19998
Phatr3_J32285	K17435
Phatr3_J17304	K01265
Phatr3_J42768	K06027
Phatr3_J43134	K03327
Phatr3_J42972	K20301
Phatr3_J24838	K10878
Phatr3_J9342	K08337
Phatr3_J43065	K06620
Phatr3_J42820	K11446
Phatr3_J53969	K08737
Phatr3_J17671	K03953
Phatr3_J9258	K00099
Phatr3_J8694	K15455
Phatr3_J17172	K03977
Phatr3_J9619	K03715
Phatr3_J31436	K13347
Phatr3_J51430	K14163
Phatr3_J42609	K14684
Phatr3_EG02177	K27705
Phatr3_J43019	K11578
Phatr3_J54015	K00600
Phatr3_J8686	K02951
Phatr3_J42649	K16833
Phatr3_J43152	K09565
Phatr3_EG01825	K06981
Phatr3_J1785	K11314
Phatr3_J3171	K17496
Phatr3_J42570	K14794
Phatr3_J8945	K15372
Phatr3_J43174	K15279
Phatr3_J31987	K24272
Phatr3_J1550	K03353
Phatr3_J17324	K02987
Phatr3_J24915	K11136
Phatr3_J32057	K01126
Phatr3_J42625	K14018
Phatr3_J17794	K15085
Phatr3_J9308	K16330
Phatr3_J42734	K10223
Phatr3_J41659	K06185
Phatr3_J32036	K14833
Phatr3_J9606	K08998
Phatr3_J42683	K05857
Phatr3_J31433	K05681
Phatr3_J42749	K20292
Phatr3_J9123	K12489
Phatr3_J9462	K09560
Phatr3_J8691	K01057
Phatr3_J8167	K03671
Phatr3_J43226	K27905
Phatr3_J43101	K03859
Phatr3_J41667	K08343
Phatr3_J32183	K09422
Phatr3_J9546	K00545
Phatr3_J8658	K15731
Phatr3_J17948	K10752
Phatr3_J9283	K00327
Phatr3_EG01870	K03553
Phatr3_J9309	K03798
Phatr3_J8828	K00868
Phatr3_J42910	K23498
Phatr3_J8993	K07304
Phatr3_J5466	K11519
Phatr3_J31494	K07101
Phatr3_J25127	K00940
Phatr3_J31718	K00088
Phatr3_J43183	K00791
Phatr3_J42729	K11855
Phatr3_J9634	K08869
Phatr3_J43122	K16732
Phatr3_J42932	K24737
Phatr3_J43068	K25592
Phatr3_J8773	K07198
Phatr3_J9115	K01785
Phatr3_J31919	K02932
Phatr3_J6258	K14799
Phatr3_J17720	K01897
Phatr3_J8918	K23289
Phatr3_J54017	K15283
Phatr3_J31980	K15440
Phatr3_J9570	K21814
Phatr3_J31683	K10960
Phatr3_J25067	K13412
Phatr3_J9475	K03350
Phatr3_J8363	K17778
Phatr3_J42677	K24175
Phatr3_J3281	K11662
Phatr3_J43097	K01881
Phatr3_J53964	K01537
Phatr3_EG02199	K20029
Phatr3_J31906	K00294
Phatr3_J9199	K02953
Phatr3_J51406	K11308
Phatr3_J24353	K01626
Phatr3_J43163	K17584
Phatr3_J50695	K11253
Phatr3_J6915	K11422
Phatr3_J9478	K05941
Phatr3_J9478	K25587
Phatr3_J17914	K15115
Phatr3_J24996	K14004
Phatr3_J42758	K15176
Phatr3_J8917	K03833
Phatr3_J9280	K01517
Phatr3_J42944	K03125
Phatr3_J4761	K18327
Phatr3_J9312	K03086
Phatr3_J41702	K01694
Phatr3_J51345	K20791
Phatr3_J17683	K08515
Phatr3_J9070	K09567
Phatr3_J42479	K14713
Phatr3_J43055	K02331
Phatr3_J9197	K11130
Phatr3_J43016	K01873
Phatr3_J31465	K02132
Phatr3_J83	K08711
Phatr3_J3241	K17800
Phatr3_J32237	K22556
Phatr3_J43176	K12605
Phatr3_J17772	K01952
Phatr3_J54068	K03857
Phatr3_J24772	K01702
Phatr3_EG02407	K15732
Phatr3_J8982	K01834
Phatr3_J6025	K11295
Phatr3_J9400	K03773
Phatr3_J17523	K10808
Phatr3_J9547	K10755
Phatr3_J31725	K11883
Phatr3_J9355	K15015
Phatr3_J974	K11835
Phatr3_J42858	K19985
Phatr3_J17238	K13503
Phatr3_J9040	K00514
Phatr3_J43058	K04507
Phatr3_J42495	K14554
Phatr3_J31927	K13337
Phatr3_J17228	K02335
Phatr3_J43115	K26979
Phatr3_J9017	K22763
Phatr3_EG01858	K08681
Phatr3_EG02172	K01070
Phatr3_J17895	K01792
Phatr3_J24978	K02147
Phatr3_J42643	K24971
Phatr3_J15613	K05765
Phatr3_J22956	K08907
Phatr3_J22919	K03943
Phatr3_J48947	K00671
Phatr3_J48977	K04708
Phatr3_J39727	K15289
Phatr3_J51183	K25476
Phatr3_EG02247	K00295
Phatr3_J15508	K14399
Phatr3_J48922	K06678
Phatr3_J54969	K01426
Phatr3_J15641	K18164
Phatr3_J15565	K18327
Phatr3_EG02251	K00036
Phatr3_J49112	K00451
Phatr3_J54998	K00873
Phatr3_J48930	K09391
Phatr3_EG02248	K03066
Phatr3_J49056	K01733
Phatr3_J49017	K11137
Phatr3_J48983	K00927
Phatr3_J49101	K03574
Phatr3_J15688	K28773
Phatr3_J30113	K00382
Phatr3_EG02246	K06184
Phatr3_J22896	K01551
Phatr3_J30019	K07179
Phatr3_J48952	K01008
Phatr3_J22913	K00873
Phatr3_J48970	K01113
Phatr3_J49073	K14997
Phatr3_J29983	K14213
Phatr3_EG02252	K20115
Phatr3_J15619	K02873
Phatr3_J48920	K14563
Phatr3_J22873	K05863
Phatr3_J49114	K09494
Phatr3_J15563	K17616
Phatr3_J3676	K05389
Phatr3_J54983	K10534
Phatr3_J22909	K10206
Phatr3_J39523	K12410
Phatr3_J15625	K03639
Phatr3_J39526	K03246
Phatr3_J15639	K15111
Phatr3_J54992	K02684
Phatr3_EG02245	K10614
Phatr3_J49083	K10873
Phatr3_J8113	K20715
Phatr3_J49047	K01754
Phatr3_J48924	K00685
Phatr3_J22974	K01895
Phatr3_J15689	K01412
Phatr3_J54981	K03320
Phatr3_J22921	K15272
Phatr3_J39681	K00022
Phatr3_EG01950	K10520
Phatr3_J15536	K13566
Phatr3_J39515	K08176
Phatr3_J30003	K02735
Phatr3_J49098	K00873
Phatr3_J39708	K05643
Phatr3_J30092	K06689
Phatr3_J15692	K28680
Phatr3_J22868	K14855
Phatr3_J22993	K01624
Phatr3_J5286	K13412
Phatr3_J49025	K08829
Phatr3_J39687	K02891
Phatr3_J15666	K06177
Phatr3_J22955	K01918
Phatr3_J15555	K03006
Phatr3_EG01952	K03281
Phatr3_J15595	K01867
Phatr3_J39578	K00077
Phatr3_J39627	K07755
Phatr3_J42274	K20302
Phatr3_J7678	K00981
Phatr3_J52539	K00235
Phatr3_J49312	K08333
Phatr3_J30160	K02976
Phatr3_J39961	K04237
Phatr3_J15740	K02943
Phatr3_EG00329	K17619
Phatr3_J55029	K01674
Phatr3_J42276	K01469
Phatr3_J40022	K00731
Phatr3_J2542	K06916
Phatr3_J15797	K05863
Phatr3_J49167	K00383
Phatr3_EG01934	K01972
Phatr3_J15795	K14016
Phatr3_J15852	K04565
Phatr3_J49163	K23727
Phatr3_J15709	K11097
Phatr3_J49244	K13754
Phatr3_J49325	K00787
Phatr3_J49185	K21891
Phatr3_J49320	K03768
Phatr3_J39949	K18693
Phatr3_J39942	K01792
Phatr3_EG02235	K07897
Phatr3_J7164	K19801
Phatr3_J23053	K15115
Phatr3_J15853	K11498
Phatr3_J39785	K09417
Phatr3_J39864	K06959
Phatr3_J39914	K00547
Phatr3_J49252	K17807
Phatr3_J42282	K00958
Phatr3_J49229	K01938
Phatr3_J49313	K03949
Phatr3_J55035	K00161
Phatr3_J49337	K00731
Phatr3_J49316	K01276
Phatr3_J2936	K21343
Phatr3_J23059	K14455
Phatr3_J15747	K09514
Phatr3_J49181	K24166
Phatr3_EG00336	K25166
Phatr3_J23079	K02936
Phatr3_J49205	K09048
Phatr3_J40023	K00731
Phatr3_J15757	K14560
Phatr3_EG00340	K15271
Phatr3_J49339	K01958
Phatr3_EG02233	K20305
Phatr3_J23083	K02358
Phatr3_J15815	K15987
Phatr3_J15848	K08851
Phatr3_J15844	K02144
Phatr3_J15730	K01634
Phatr3_J49146	K24939
Phatr3_J2527	K24796
Phatr3_J49220	K12195
Phatr3_J1372	K01210
Phatr3_J8181	K25829
Phatr3_J49245	K11438
Phatr3_J49149	K03512
Phatr3_EG02232	K01610
Phatr3_J6292	K15271
Phatr3_J30139	K07901
Phatr3_J15777	K02641
Phatr3_J15699	K13348
Phatr3_J23077	K14963
Phatr3_J30145	K01647
Phatr3_J7195	K11991
Phatr3_J16032	K08790
Phatr3_J40063	K28436
Phatr3_J6151	K02738
Phatr3_J30315	K02883
Phatr3_J15960	K06180
Phatr3_J49459	K02355
Phatr3_J30334	K03456
Phatr3_J23306	K12585
Phatr3_J23257	K08907
Phatr3_J49488	K08994
Phatr3_J49495	K17278
Phatr3_J16021	K03664
Phatr3_EG00290	K17821
Phatr3_J49418	K16075
Phatr3_J49374	K10755
Phatr3_J23198	K08818
Phatr3_J15917	K01758
Phatr3_J49524	K00889
Phatr3_J6586	K11341
Phatr3_J49392	K20362
Phatr3_EG00274	K03247
Phatr3_J23292	K00225
Phatr3_J6807	K00891
Phatr3_J30365	K06943
Phatr3_J3183	K05396
Phatr3_J49529	K24752
Phatr3_J49505	K01667
Phatr3_EG00282	K03664
Phatr3_J49385	K03515
Phatr3_J4127	K05539
Phatr3_J23314	K10393
Phatr3_J30352	K06674
Phatr3_J15977	K20715
Phatr3_J15968	K00106
Phatr3_EG00261	K03657
Phatr3_J15863	K10908
Phatr3_J49419	K14292
Phatr3_J23164	K01802
Phatr3_EG02225	K01259
Phatr3_J49469	K12829
Phatr3_J49447	K08246
Phatr3_J40048	K02838
Phatr3_EG00272	K06174
Phatr3_J51214	K00264
Phatr3_J49471	K06199
Phatr3_J49450	K14545
Phatr3_J49527	K11274
Phatr3_J15929	K00908
Phatr3_J40154	K11838
Phatr3_J15952	K14292
Phatr3_J40101	K20823
Phatr3_J15862	K07562
Phatr3_J52561	K10737
Phatr3_J49439	K06066
Phatr3_J30389	K04649
Phatr3_J40070	K17583
Phatr3_J49545	K08281
Phatr3_J40200	K06948
Phatr3_J16014	K15445
Phatr3_J23224	K15305
Phatr3_J15937	K09188
Phatr3_J30282	K00914
Phatr3_J49372	K01620
Phatr3_J40163	K00967
Phatr3_J49487	K14589
Phatr3_J15884	K03438
Phatr3_EG01923	K04567
Phatr3_J23253	K26938
Phatr3_J23247	K03841
Phatr3_J40261	K18693
Phatr3_EG00278	K01641
Phatr3_J49507	K11491
Phatr3_J16008	K10418
Phatr3_J30436	K20471
Phatr3_J23281	K12451
Phatr3_J40214	K13130
Phatr3_J40052	K16842
Phatr3_J49533	K03301
Phatr3_J42302	K19306
Phatr3_J40111	K10684
Phatr3_J23168	K16165
Phatr3_J30446	K09496
Phatr3_J49591	K17218
Phatr3_J4014	K04774
Phatr3_J49632	K12183
Phatr3_J49575	K11165
Phatr3_J16105	K28788
Phatr3_J42307	K03242
Phatr3_J23371	K19788
Phatr3_J30461	K00213
Phatr3_J23324	K02868
Phatr3_J30471	K00297
Phatr3_J49552	K09705
Phatr3_J49658	K00286
Phatr3_J23399	K00548
Phatr3_J16142	K06158
Phatr3_J7679	K01312
Phatr3_J52603	K01836
Phatr3_J49636	K28217
Phatr3_J30519	K01958
Phatr3_J55067	K14801
Phatr3_J49637	K01126
Phatr3_J55079	K00873
Phatr3_J16140	K01599
Phatr3_EG00309	K13517
Phatr3_J49644	K00486
Phatr3_J55086	K12657
Phatr3_J30514	K00611
Phatr3_J40453	K14944
Phatr3_J16067	K08794
Phatr3_J49568	K14209
Phatr3_J16155	K17578
Phatr3_J49610	K01210
Phatr3_J40325	K17491
Phatr3_J8457	K14573
Phatr3_J16074	K03530
Phatr3_J16141	K02516
Phatr3_J16065	K14574
Phatr3_J49572	K10875
Phatr3_J16147	K02258
Phatr3_J23365	K01027
Phatr3_J23375	K05542
Phatr3_J40430	K00658
Phatr3_J16157	K03426
Phatr3_J40433	K14683
Phatr3_J49563	K12373
Phatr3_J5608	K10583
Phatr3_J23380	K15283
Phatr3_J30486	K02964
Phatr3_J49660	K07253
Phatr3_J49707	K07386
Phatr3_J545	K05349
Phatr3_J55102	K02293
Phatr3_J23489	K09568
Phatr3_J52607	K06669
Phatr3_J52619	K23887
Phatr3_J23467	K00140
Phatr3_J23472	K00555
Phatr3_J40517	K14209
Phatr3_J30638	K05290
Phatr3_J40621	K06207
Phatr3_J16222	K14951
Phatr3_J30660	K02941
Phatr3_J49741	K03437
Phatr3_J16195	K00326
Phatr3_J5780	K00059
Phatr3_J23429	K00602
Phatr3_J7780	K22072
Phatr3_J49801	K10601
Phatr3_J4048	K05542
Phatr3_J49807	K07140
Phatr3_J49751	K03569
Phatr3_J49783	K06968
Phatr3_J1971	K14674
Phatr3_J51232	K12834
Phatr3_J49787	K00164
Phatr3_J16281	K03248
Phatr3_J42322	K02218
Phatr3_EG02223	K08955
Phatr3_J16168	K01379
Phatr3_J30615	K09568
Phatr3_J30572	K01875
Phatr3_J49800	K06067
Phatr3_J16210	K15105
Phatr3_J40626	K13199
Phatr3_J30585	K03723
Phatr3_J30620	K07299
Phatr3_J16262	K14438
Phatr3_J49726	K05681
Phatr3_J23444	K06207
Phatr3_J16162	K00784
Phatr3_J23582	K20221
Phatr3_J30670	K02971
Phatr3_J55111	K27888
Phatr3_J55126	K00895
Phatr3_J49849	K15272
Phatr3_J40691	K02575
Phatr3_EG02222	K00323
Phatr3_J16283	K06126
Phatr3_J6066	K28196
Phatr3_J49921	K11885
Phatr3_J30690	K19073
Phatr3_J23557	K14689
Phatr3_J23646	K08956
Phatr3_J16376	K10203
Phatr3_J51242	K00856
Phatr3_J16391	K08956
Phatr3_J16375	K00286
Phatr3_J16357	K14326
Phatr3_J16341	K15275
Phatr3_J49932	K15424
Phatr3_J49856	K05681
Phatr3_J23639	K12447
Phatr3_J49836	K05292
Phatr3_J55122	K09486
Phatr3_J6645	K10578
Phatr3_J23547	K01881
Phatr3_J6756	K01519
Phatr3_J16364	K19801
Phatr3_J49842	K14683
Phatr3_J1241	K03168
Phatr3_J49969	K06691
Phatr3_J49897	K02726
Phatr3_J16401	K15275
Phatr3_J49889	K20781
Phatr3_J49867	K10203
Phatr3_J5512	K06997
Phatr3_J7959	K09422
Phatr3_J16379	K10357
Phatr3_J30770	K23490
Phatr3_J49903	K01739
Phatr3_J40731	K14207
Phatr3_J16517	K15121
Phatr3_J50048	K12620
Phatr3_J40841	K07936
Phatr3_J30810	K14617
Phatr3_J16481	K08907
Phatr3_J23694	K13412
Phatr3_J16511	K02887
Phatr3_J30786	K01805
Phatr3_J40942	K10733
Phatr3_J51245	K01965
Phatr3_J50081	K08869
Phatr3_EG02219	K01867
Phatr3_J50034	K01937
Phatr3_J55128	K26938
Phatr3_J23691	K02957
Phatr3_J40956	K09500
Phatr3_J16430	K03885
Phatr3_J30807	K00278
Phatr3_EG00187	K01937
Phatr3_J16442	K02155
Phatr3_J50059	K10712
Phatr3_J23717	K02641
Phatr3_J16499	K00641
Phatr3_J40933	K01358
Phatr3_J16493	K12188
Phatr3_J2032	K02575
Phatr3_J23687	K02917
Phatr3_J52648	K00647
Phatr3_J5685	K02727
Phatr3_J50058	K24512
Phatr3_J23709	K15100
Phatr3_J50019	K27692
Phatr3_J50084	K11188
Phatr3_J23658	K03839
Phatr3_J16445	K00768
Phatr3_J3262	K00630
Phatr3_J23723	K13354
Phatr3_J23706	K02155
Phatr3_J16421	K24175
Phatr3_J50056	K00799
Phatr3_J16490	K00326
Phatr3_J16455	K03696
Phatr3_J4342	K15113
Phatr3_J16537	K04078
Phatr3_EG02218	K01885
Phatr3_J40930	K01764
Phatr3_J50075	K03321
Phatr3_J23748	K02979
Phatr3_J23672	K28105
Phatr3_J16560	K03678
Phatr3_J41055	K15287
Phatr3_J52661	K12180
Phatr3_J16581	K10802
Phatr3_J16599	K00767
Phatr3_J41094	K10523
Phatr3_J52678	K02324
Phatr3_EG01898	K15196
Phatr3_J16586	K24543
Phatr3_J50120	K14965
Phatr3_J41002	K22132
Phatr3_J41016	K22503
Phatr3_J23794	K02183
Phatr3_J16571	K15779
Phatr3_EG02214	K14572
Phatr3_J30960	K14831
Phatr3_J23850	K00627
Phatr3_J50132	K14327
Phatr3_J40998	K02183
Phatr3_J16649	K01641
Phatr3_J23826	K14575
Phatr3_J50212	K02838
Phatr3_J50113	K01456
Phatr3_EG01897	K15196
Phatr3_J50135	K07178
Phatr3_J50115	K13099
Phatr3_J50185	K06173
Phatr3_EG00140	K03009
Phatr3_J16603	K03243
Phatr3_EG02212	K06027
Phatr3_J50130	K12848
Phatr3_J50097	K01620
Phatr3_J30977	K09554
Phatr3_J41003	K13115
Phatr3_J30967	K00053
Phatr3_J41031	K10956
Phatr3_J16595	K00077
Phatr3_J16592	K13348
Phatr3_J30898	K12196
Phatr3_J50124	K02350
Phatr3_J23830	K14640
Phatr3_J55157	K02372
Phatr3_J55141	K12589
Phatr3_EG00136	K06699
Phatr3_J23811	K00899
Phatr3_J30908	K10848
Phatr3_J50138	K06672
Phatr3_EG00135	K03147
Phatr3_EG00157	K13210
Phatr3_J16814	K14824
Phatr3_J981	K10738
Phatr3_J50246	K14567
Phatr3_J16693	K22074
Phatr3_J50302	K10769
Phatr3_J16803	K08869
Phatr3_J50310	K12842
Phatr3_J23959	K13126
Phatr3_J50303	K08341
Phatr3_J23871	K14455
Phatr3_J51271	K01802
Phatr3_J50229	K12572
Phatr3_J50322	K03514
Phatr3_J50236	K15040
Phatr3_J16674	K15336
Phatr3_J55177	K00797
Phatr3_J23924	K01810
Phatr3_J23920	K01892
Phatr3_J50259	K02894
Phatr3_J1719	K03665
Phatr3_J50221	K15216
Phatr3_J50306	K03086
Phatr3_J16698	K00616
Phatr3_J50274	K02325
Phatr3_J52684	K06898
Phatr3_J41214	K03348
Phatr3_J41167	K13026
Phatr3_J50239	K22757
Phatr3_J50296	K08869
Phatr3_J42364	K12622
Phatr3_J50253	K08342
Phatr3_J23913	K00626
Phatr3_J16683	K01069
Phatr3_J50326	K12598
Phatr3_J55162	K00472
Phatr3_J50218	K10777
Phatr3_J4634	K20003
Phatr3_J41210	K12868
Phatr3_EG02501	K12828
Phatr3_J7801	K08066
Phatr3_J3559	K01488
Phatr3_J16787	K07575
Phatr3_J31068	K24104
Phatr3_J16722	K01810
Phatr3_J41172	K08057
Phatr3_J41259	K13525
Phatr3_J50309	K12825
Phatr3_J41252	K13717
Phatr3_J41170	K17893
Phatr3_J16711	K01285
Phatr3_EG02215	K01555
Phatr3_J16786	K09487
Phatr3_EG00153	K19730
Phatr3_J16707	K17725
Phatr3_J6914	K01462
Phatr3_J50216	K23544
Phatr3_J42361	K03531
Phatr3_J41282	K02838
Phatr3_J5718	K15188
Phatr3_J2819	K14648
Phatr3_J23862	K02835
Phatr3_J50280	K11490
Phatr3_J16688	K03256
Phatr3_J31073	K02993
Phatr3_J23865	K12820
Phatr3_J23908	K15104
Phatr3_J5271	K20417
Phatr3_EG02209	K00850
Phatr3_J2171	K02575
Phatr3_EG00107	K01125
Phatr3_J24019	K11644
Phatr3_J31133	K02151
Phatr3_J16911	K15331
Phatr3_J24069	K01726
Phatr3_J31140	K09550
Phatr3_J16932	K05954
Phatr3_J31160	K07904
Phatr3_J41287	K13199
Phatr3_J50392	K00164
Phatr3_J24006	K01410
Phatr3_J51279	K02087
Phatr3_J41351	K15738
Phatr3_J8141	K17278
Phatr3_J8154	K09573
Phatr3_J51277	K06944
Phatr3_J16859	K11412
Phatr3_EG02210	K01188
Phatr3_EG00112	K25203
Phatr3_J16870	K00021
Phatr3_J6435	K00326
Phatr3_EG02208	K01810
Phatr3_J16843	K11253
Phatr3_EG02211	K11423
Phatr3_J16840	K01726
Phatr3_J51283	K12831
Phatr3_EG00099	K01125
Phatr3_J31147	K16054
Phatr3_EG00092	K00850
Phatr3_J16854	K03676
Phatr3_J50356	K06119
Phatr3_J51280	K13280
Phatr3_J50387	K26797
Phatr3_J16891	K12400
Phatr3_J50384	K07304
Phatr3_J31156	K10413
Phatr3_J31109	K00231
Phatr3_EG00091	K13106
Phatr3_J2182	K14538
Phatr3_J9829	K03259
Phatr3_J7528	K17609
Phatr3_J9929	K11884
Phatr3_J43646	K28023
Phatr3_J43313	K22736
Phatr3_J43649	K00535
Phatr3_J10100	K03403
Phatr3_J10024	K12898
Phatr3_J32992	K22684
Phatr3_J43439	K17618
Phatr3_J43565	K13171
Phatr3_J43757	K06627
Phatr3_J18067	K18460
Phatr3_J43574	K14863
Phatr3_J25394	K14835
Phatr3_J25375	K02872
Phatr3_J9794	K11155
Phatr3_J43638	K03510
Phatr3_J51560	K10251
Phatr3_J18228	K01803
Phatr3_J43785	K03281
Phatr3_J9706	K09140
Phatr3_J43499	K20405
Phatr3_J43701	K03354
Phatr3_J43430	K12733
Phatr3_J10073	K00816
Phatr3_J9664	K08568
Phatr3_EG01540	K15450
Phatr3_J41756	K13117
Phatr3_J32759	K20299
Phatr3_EG01512	K07735
Phatr3_J43464	K14772
Phatr3_J33017	K03404
Phatr3_J32531	K03232
Phatr3_J43682	K08360
Phatr3_J9832	K00587
Phatr3_J10005	K01922
Phatr3_J18246	K00800
Phatr3_J25183	K11540
Phatr3_J18036	K09503
Phatr3_J43697	K00826
Phatr3_J25133	K14537
Phatr3_EG01521	K21805
Phatr3_J18323	K01092
Phatr3_J32851	K00731
Phatr3_J43671	K17279
Phatr3_J9816	K24524
Phatr3_J50742	K15283
Phatr3_J50738	K01803
Phatr3_J54134	K02492
Phatr3_J9987	K01409
Phatr3_J43596	K24970
Phatr3_J32849	K00826
Phatr3_J10025	K00765
Phatr3_J5236	K00586
Phatr3_J43438	K17606
Phatr3_J51570	K07447
Phatr3_J18027	K12657
Phatr3_J32823	K01934
Phatr3_J50732	K10756
Phatr3_J1862	K03320
Phatr3_J18239	K25639
Phatr3_J18319	K01251
Phatr3_J43576	K12844
Phatr3_EG01462	K02606
Phatr3_J32726	K03539
Phatr3_EG01481	K01082
Phatr3_J43401	K17890
Phatr3_J25495	K03511
Phatr3_EG01471	K22210
Phatr3_J33013	K06662
Phatr3_EG02379	K03595
Phatr3_J43747	K24081
Phatr3_J9828	K20301
Phatr3_J9893	K14778
Phatr3_J8518	K12625
Phatr3_J7634	K14819
Phatr3_J10122	K12872
Phatr3_J9983	K12845
Phatr3_J41745	K25877
Phatr3_EG01455	K02134
Phatr3_J9885	K15111
Phatr3_J25308	K00134
Phatr3_J43614	K10994
Phatr3_J25218	K05681
Phatr3_J43541	K27538
Phatr3_J5099	K20069
Phatr3_J18217	K13124
Phatr3_J25422	K00078
Phatr3_J32813	K00799
Phatr3_J43288	K15227
Phatr3_J32938	K04924
Phatr3_J8451	K14407
Phatr3_J41721	K04077
Phatr3_J43347	K15277
Phatr3_J25379	K00286
Phatr3_J9860	K11462
Phatr3_J2738	K12501
Phatr3_J18199	K12811
Phatr3_J18202	K08675
Phatr3_J25433	K01365
Phatr3_J18142	K11826
Phatr3_J18080	K01923
Phatr3_J32539	K12185
Phatr3_J43326	K15442
Phatr3_EG01489	K00675
Phatr3_J32803	K01551
Phatr3_J1990	K18655
Phatr3_J32791	K03152
Phatr3_J25298	K06874
Phatr3_J5857	K01810
Phatr3_J9927	K07208
Phatr3_J43635	K13120
Phatr3_J9910	K03037
Phatr3_J54072	K10844
Phatr3_J43677	K01147
Phatr3_J43639	K15174
Phatr3_J9684	K20301
Phatr3_J50741	K01737
Phatr3_J18096	K09503
Phatr3_J32646	K14782
Phatr3_J43773	K15728
Phatr3_J43555	K25291
Phatr3_J43429	K01736
Phatr3_J32585	K06950
Phatr3_J43362	K11268
Phatr3_J10089	K01598
Phatr3_J32847	K02437
Phatr3_J32554	K17619
Phatr3_J10160	K02202
Phatr3_J50701	K02973
Phatr3_J18303	K05284
Phatr3_J51516	K06580
Phatr3_J18398	K02136
Phatr3_J25217	K05679
Phatr3_J3940	K15276
Phatr3_J43627	K11373
Phatr3_J18404	K08660
Phatr3_J25360	K10251
Phatr3_J43530	K05389
Phatr3_J9709	K02078
Phatr3_J43350	K07112
Phatr3_J43432	K08568
Phatr3_J4974	K24750
Phatr3_J9697	K01527
Phatr3_J32681	K07304
Phatr3_J32557	K23424
Phatr3_J32661	K03574
Phatr3_J43579	K16912
Phatr3_J32940	K10739
Phatr3_J6698	K11430
Phatr3_J43498	K20290
Phatr3_J54092	K11649
Phatr3_J10068	K00208
Phatr3_J18280	K10901
Phatr3_J18274	K01802
Phatr3_J18087	K01756
Phatr3_J54086	K02133
Phatr3_J18258	K14556
Phatr3_J5851	K21480
Phatr3_J32747	K00134
Phatr3_J18064	K13238
Phatr3_J10011	K04043
Phatr3_J18029	K03644
Phatr3_J54121	K10695
Phatr3_J54091	K03097
Phatr3_J4936	K08568
Phatr3_J9912	K07304
Phatr3_EG01460	K17888
Phatr3_J232	K06972
Phatr3_J18132	K20029
Phatr3_J18241	K12398
Phatr3_J43447	K14834
Phatr3_J10102	K10643
Phatr3_J51511	K07889
Phatr3_J43666	K28359
Phatr3_J9855	K03086
Phatr3_J32923	K01507
Phatr3_J25334	K08835
Phatr3_J4025	K00215
Phatr3_EG02376	K12599
Phatr3_J43504	K14827
Phatr3_J9883	K03676
Phatr3_EG01477	K24524
Phatr3_J43314	K22736
Phatr3_J32848	K10736
Phatr3_J9731	K03259
Phatr3_J43693	K20294
Phatr3_J7718	K07305
Phatr3_J43529	K18710
Phatr3_J25417	K01711
Phatr3_EG01467	K19525
Phatr3_J32949	K02180
Phatr3_J43611	K13783
Phatr3_J43664	K11547
Phatr3_EG02378	K14810
Phatr3_J10029	K12837
Phatr3_J9724	K01001
Phatr3_J43312	K07006
Phatr3_J25204	K11808
Phatr3_J43532	K06171
Phatr3_J9894	K02996
Phatr3_J32830	K10743
Phatr3_J25331	K01889
Phatr3_J43703	K15263
Phatr3_J43368	K01304
Phatr3_J25420	K03013
Phatr3_J43402	K08334
Phatr3_J43418	K28450
Phatr3_EG01463	K05691
Phatr3_J32758	K14779
Phatr3_J9806	K11093
Phatr3_J41766	K07393
Phatr3_J43779	K06100
Phatr3_J32550	K02257
Phatr3_J32559	K12608
Phatr3_J18335	K01408
Phatr3_J43694	K11751
Phatr3_J43470	K08059
Phatr3_J9989	K14809
Phatr3_J43431	K15443
Phatr3_J9701	K13107
Phatr3_J18008	K11836
Phatr3_J43349	K13111
Phatr3_J9886	K18953
Phatr3_J43708	K24635
Phatr3_J43657	K03217
Phatr3_J25506	K06636
Phatr3_J10148	K03014
Phatr3_J43564	K10839
Phatr3_J4741	K08568
Phatr3_J32708	K01835
Phatr3_J51519	K03801
Phatr3_J18337	K01953
Phatr3_J41746	K01698
Phatr3_J18197	K05665
Phatr3_J573	K01099
Phatr3_J43713	K14549
Phatr3_J50476	K00432
Phatr3_J55197	K07151
Phatr3_J16955	K15744
Phatr3_J41418	K10837
Phatr3_J41496	K00826
Phatr3_J16982	K11209
Phatr3_J50507	K21286
Phatr3_J50442	K12492
Phatr3_J16987	K11927
Phatr3_J16960	K09569
Phatr3_J24120	K01278
Phatr3_J41423	K01623
Phatr3_J41417	K09489
Phatr3_J3686	K22530
Phatr3_J50498	K28063
Phatr3_EG00081	K19469
Phatr3_J2845	K20606
Phatr3_J16991	K23887
Phatr3_J50463	K09649
Phatr3_J4823	K12323
Phatr3_J41450	K14411
Phatr3_J55198	K07151
Phatr3_J16963	K01886
Phatr3_J16944	K01892
Phatr3_J50496	K06968
Phatr3_J6457	K13800
Phatr3_J50440	K15979
Phatr3_J50465	K10696
Phatr3_J41470	K00002
Phatr3_J55209	K11262
Phatr3_J50577	K00821
Phatr3_J24223	K13985
Phatr3_J24195	K01948
Phatr3_J24161	K01354
Phatr3_J51291	K02969
Phatr3_EG02207	K06158
Phatr3_EG00045	K18730
Phatr3_J24186	K14290
Phatr3_EG00041	K08678
Phatr3_J17048	K17292
Phatr3_J50559	K07556
Phatr3_J41515	K01689
Phatr3_J17044	K12343
Phatr3_J41570	K10257
Phatr3_J17029	K03086
Phatr3_J31339	K05917
Phatr3_J1905	K11968
Phatr3_J41511	K02356
Phatr3_J50578	K22763
Phatr3_J50542	K15111
Phatr3_J41501	K22530
Phatr3_J17086	K01834
Phatr3_J17059	K08316
Phatr3_J42398	K00026
Phatr3_J41601	K03704
Phatr3_J50598	K01408
Phatr3_J31367	K00219
Phatr3_J6282	K03773
Phatr3_J17115	K05539
Phatr3_J1758	K18670
Phatr3_J50622	K09419
Phatr3_J31364	K05539
Phatr3_EG02204	K19801
Phatr3_J31375	K12197
Phatr3_J24238	K00926
Phatr3_J51301	K12812
Phatr3_J50630	K14832
Phatr3_J55230	K04079
Phatr3_J1840	K00764
Phatr3_J7988	K12492
Phatr3_J17135	K06627
Phatr3_J41645	K03940
Phatr3_J50624	K14404
Phatr3_J50623	K13336
Phatr3_J44031	K25792
Phatr3_J25743	K03257
Phatr3_J10458	K01522
Phatr3_J25769	K10256
Phatr3_EG01745	K14829
Phatr3_J44037	K20181
Phatr3_J25856	K03695
Phatr3_J25577	K02875
Phatr3_J54168	K03715
Phatr3_J10391	K21286
Phatr3_J44216	K07904
Phatr3_J54190	K17099
Phatr3_J7736	K28527
Phatr3_J18665	K00600
Phatr3_J18745	K00012
Phatr3_J5873	K23563
Phatr3_J41790	K03667
Phatr3_J33610	K00974
Phatr3_J10208	K00855
Phatr3_J10532	K03637
Phatr3_J44117	K03848
Phatr3_J4227	K07393
Phatr3_J54151	K01897
Phatr3_J3140	K14152
Phatr3_J10247	K12386
Phatr3_J43840	K02908
Phatr3_J51591	K02183
Phatr3_J5175	K15101
Phatr3_J44089	K16575
Phatr3_EG01711	K17890
Phatr3_J43859	K06963
Phatr3_J43960	K03141
Phatr3_J1534	K24194
Phatr3_J800	K01490
Phatr3_EG01719	K18080
Phatr3_J10584	K03676
Phatr3_J44165	K06675
Phatr3_EG02519	K01519
Phatr3_J10362	K24083
Phatr3_J5629	K01834
Phatr3_J3692	K11839
Phatr3_J41807	K00654
Phatr3_J43944	K03942
Phatr3_J51608	K06221
Phatr3_J18481	K23978
Phatr3_J18475	K03231
Phatr3_J18585	K02903
Phatr3_J41785	K13025
Phatr3_J10531	K08832
Phatr3_J10271	K03358
Phatr3_J51604	K19001
Phatr3_J18458	K01802
Phatr3_EG01638	K01246
Phatr3_J10251	K17675
Phatr3_J44225	K10389
Phatr3_J54192	K22803
Phatr3_J33356	K03672
Phatr3_J44056	K08906
Phatr3_J18469	K08150
Phatr3_J18620	K12198
Phatr3_EG01668	K02639
Phatr3_J43913	K08339
Phatr3_J25572	K00252
Phatr3_J44040	K09667
Phatr3_J33400	K06875
Phatr3_J51609	K00815
Phatr3_J18793	K09488
Phatr3_J18599	K12859
Phatr3_J10617	K02906
Phatr3_J10398	K00876
Phatr3_J44096	K12297
Phatr3_J1764	K14724
Phatr3_J44108	K03143
Phatr3_EG02146	K18468
Phatr3_J43972	K18010
Phatr3_J25840	K00323
Phatr3_J10655	K00472
Phatr3_J25932	K00248
Phatr3_J33295	K11293
Phatr3_J33394	K20318
Phatr3_J10199	K03120
Phatr3_J10319	K25894
Phatr3_J50770	K00864
Phatr3_J33633	K02469
Phatr3_J43819	K22377
Phatr3_J44171	K22755
Phatr3_EG02395	K03062
Phatr3_EG01736	K00999
Phatr3_EG01741	K09761
Phatr3_J10293	K28788
Phatr3_J10524	K03798
Phatr3_J44042	K14570
Phatr3_J3755	K13354
Phatr3_J18473	K05657
Phatr3_J54175	K14721
Phatr3_J44242	K14548
Phatr3_J10585	K10747
Phatr3_J33325	K26419
Phatr3_J54169	K08288
Phatr3_EG01667	K16904
Phatr3_J43950	K03545
Phatr3_J18489	K15100
Phatr3_J2432	K10862
Phatr3_J33568	K15747
Phatr3_J18559	K02991
Phatr3_J25867	K10357
Phatr3_J44086	K09313
Phatr3_EG02139	K01437
Phatr3_J43994	K10754
Phatr3_J25666	K14558
Phatr3_J44182	K22757
Phatr3_J43940	K15031
Phatr3_J18572	K03782
Phatr3_J10356	K00236
Phatr3_J10367	K06158
Phatr3_EG02396	K03762
Phatr3_J25714	K02877
Phatr3_J33206	K10997
Phatr3_J33584	K15450
Phatr3_J33217	K20310
Phatr3_J44047	K11806
Phatr3_J33622	K09419
Phatr3_J18622	K02540
Phatr3_EG01714	K17866
Phatr3_EG02394	K12604
Phatr3_J43990	K12880
Phatr3_EG02145	K01437
Phatr3_J44159	K02687
Phatr3_J44151	K03094
Phatr3_J33304	K11096
Phatr3_J10583	K12624
Phatr3_J43961	K28359
Phatr3_J44136	K15031
Phatr3_J18524	K01868
Phatr3_J843	K01968
Phatr3_J7866	K07456
Phatr3_J33329	K00472
Phatr3_J10409	K14726
Phatr3_EG01688	K03267
Phatr3_J44041	K09250
Phatr3_J10257	K00816
Phatr3_J44106	K11450
Phatr3_J18579	K14564
Phatr3_J33186	K14800
Phatr3_J25752	K17086
Phatr3_J44044	K14015
Phatr3_J50753	K26405
Phatr3_J10213	K07124
Phatr3_EG01731	K26006
Phatr3_J10321	K03029
Phatr3_J43871	K23460
Phatr3_J10418	K00837
Phatr3_J43884	K11793
Phatr3_J10544	K14774
Phatr3_J10282	K11273
Phatr3_J33525	K04083
Phatr3_J33266	K14683
Phatr3_J33493	K01868
Phatr3_J43956	K06677
Phatr3_J43924	K26159
Phatr3_J44146	K10735
Phatr3_J1875	K13412
Phatr3_J10571	K01802
Phatr3_J33530	K18534
Phatr3_J44232	K01358
Phatr3_J33278	K01641
Phatr3_J10299	K28196
Phatr3_J33540	K12877
Phatr3_J10187	K22857
Phatr3_J18549	K07204
Phatr3_J10437	K22900
Phatr3_J44239	K20407
Phatr3_J10209	K17267
Phatr3_J10479	K20242
Phatr3_J10497	K07512
Phatr3_J44200	K09419
Phatr3_EG02148	K06177
Phatr3_J10378	K00654
Phatr3_J41812	K00234
Phatr3_J10593	K01358
Phatr3_J10499	K08864
Phatr3_J44222	K03327
Phatr3_J5508	K13102
Phatr3_EG02137	K06180
Phatr3_J10310	K03000
Phatr3_J25581	K15441
Phatr3_J10454	K01074
Phatr3_EG02401	K00325
Phatr3_J33342	K07393
Phatr3_J18533	K12948
Phatr3_J44118	K15289
Phatr3_J44038	K12968
Phatr3_J51597	K02541
Phatr3_J33427	K11752
Phatr3_J10494	K12621
Phatr3_J10566	K12832
Phatr3_J25876	K21456
Phatr3_J44229	K08330
Phatr3_J44147	K28196
Phatr3_J33450	K22935
Phatr3_J10640	K00228
Phatr3_J43904	K15745
Phatr3_J4234	K15272
Phatr3_EG02397	K00803
Phatr3_J44434	K04998
Phatr3_J4209	K09503
Phatr3_EG02383	K13525
Phatr3_J18893	K00344
Phatr3_J10723	K08869
Phatr3_J34027	K15747
Phatr3_J44670	K02548
Phatr3_J44318	K11275
Phatr3_J6635	K07887
Phatr3_J10718	K07019
Phatr3_J33774	K10686
Phatr3_J34061	K14012
Phatr3_J44426	K12735
Phatr3_J44360	K18726
Phatr3_J44561	K15177
Phatr3_J7893	K02956
Phatr3_J33947	K01139
Phatr3_J44603	K02137
Phatr3_J19089	K05768
Phatr3_J34010	K00814
Phatr3_J10925	K13113
Phatr3_J10782	K14811
Phatr3_J10779	K00826
Phatr3_J19152	K02896
Phatr3_EG01590	K00938
Phatr3_J44391	K01181
Phatr3_J44341	K26544
Phatr3_EG02134	K17804
Phatr3_EG01592	K06820
Phatr3_J44459	K03259
Phatr3_EG02386	K02088
Phatr3_J10862	K02148
Phatr3_J44630	K00079
Phatr3_J5546	K18327
Phatr3_J44590	K09580
Phatr3_J10704	K08819
Phatr3_J44512	K07200
Phatr3_J18940	K09458
Phatr3_J2834	K01581
Phatr3_J26057	K01409
Phatr3_J11021	K00167
Phatr3_J19093	K17268
Phatr3_J19244	K01079
Phatr3_J54265	K05869
Phatr3_J44631	K22940
Phatr3_J26173	K03695
Phatr3_J11084	K28153
Phatr3_J44287	K28785
Phatr3_J44521	K20069
Phatr3_J10670	K20303
Phatr3_J33839	K01834
Phatr3_J4074	K00858
Phatr3_EG01545	K09497
Phatr3_J19025	K02940
Phatr3_J50796	K03265
Phatr3_J44382	K01358
Phatr3_J44291	K02915
Phatr3_J33864	K00993
Phatr3_J33720	K06130
Phatr3_J34146	K02934
Phatr3_EG02385	K06168
Phatr3_J11006	K08910
Phatr3_J41845	K03527
Phatr3_J26029	K02575
Phatr3_J44556	K09571
Phatr3_J44709	K20781
Phatr3_J44342	K10295
Phatr3_J10693	K01809
Phatr3_J26293	K02719
Phatr3_J11088	K01869
Phatr3_J11032	K02898
Phatr3_J10674	K03239
Phatr3_J33914	K20300
Phatr3_J26035	K14775
Phatr3_J10724	K10688
Phatr3_J44323	K04523
Phatr3_J44397	K22544
Phatr3_J18872	K03428
Phatr3_J50806	K22696
Phatr3_J779	K27887
Phatr3_J11022	K27682
Phatr3_J26190	K23025
Phatr3_J10821	K03007
Phatr3_J34071	K04515
Phatr3_J10769	K02983
Phatr3_J18945	K24175
Phatr3_J10972	K25476
Phatr3_J1769	K01487
Phatr3_EG02121	K02985
Phatr3_J10934	K09647
Phatr3_EG02381	K14652
Phatr3_J6052	K23541
Phatr3_J44463	K11339
Phatr3_J51691	K02738
Phatr3_J44664	K08597
Phatr3_J54285	K14950
Phatr3_J19211	K24185
Phatr3_J26299	K17087
Phatr3_J44586	K09419
Phatr3_J7358	K02867
Phatr3_J10757	K00133
Phatr3_J10963	K14016
Phatr3_J44454	K06897
Phatr3_J44627	K03979
Phatr3_J44555	K14786
Phatr3_J33827	K14684
Phatr3_J2793	K03841
Phatr3_J3687	K07442
Phatr3_EG01549	K11982
Phatr3_J44690	K11752
Phatr3_J10677	K17686
Phatr3_J34078	K17803
Phatr3_J5605	K01834
Phatr3_J44687	K14765
Phatr3_J44502	K13103
Phatr3_J10976	K03845
Phatr3_J4266	K11168
Phatr3_J44661	K28531
Phatr3_J11014	K06445
Phatr3_J5142	K28107
Phatr3_J10799	K01578
Phatr3_J7026	K08815
Phatr3_J44702	K18849
Phatr3_J11041	K06177
Phatr3_J26336	K00761
Phatr3_J10752	K12627
Phatr3_J44423	K07305
Phatr3_J26157	K22736
Phatr3_J41857	K06020
Phatr3_J41856	K00615
Phatr3_J33756	K18163
Phatr3_J54219	K09699
Phatr3_J18911	K01914
Phatr3_J51703	K09839
Phatr3_J26176	K03233
Phatr3_J34050	K11135
Phatr3_J44534	K12190
Phatr3_J18927	K15109
Phatr3_J44482	K00387
Phatr3_J19030	K15102
Phatr3_J10902	K14682
Phatr3_EG01582	K00426
Phatr3_EG01543	K12618
Phatr3_J10768	K06182
Phatr3_J44333	K16570
Phatr3_J44571	K10609
Phatr3_J44610	K01719
Phatr3_J44500	K15277
Phatr3_J26346	K01883
Phatr3_J44632	K12879
Phatr3_J34119	K04487
Phatr3_J19000	K13789
Phatr3_J10893	K08794
Phatr3_J50825	K11338
Phatr3_J44618	K01649
Phatr3_J26256	K01939
Phatr3_J44364	K08495
Phatr3_J44439	K03105
Phatr3_J44373	K15429
Phatr3_J34014	K23114
Phatr3_J33885	K15028
Phatr3_J10970	K09838
Phatr3_J33692	K19787
Phatr3_J19122	K14191
Phatr3_J11009	K15192
Phatr3_J44425	K03847
Phatr3_EG02389	K07376
Phatr3_J10835	K02519
Phatr3_J18899	K06269
Phatr3_J10774	K02876
Phatr3_J44704	K14662
Phatr3_J44606	K17805
Phatr3_J10847	K02945
Phatr3_J19191	K15456
Phatr3_J44595	K06670
Phatr3_J33853	K24974
Phatr3_J33767	K07305
Phatr3_EG01605	K15272
Phatr3_J44531	K00573
Phatr3_J44574	K03846
Phatr3_J50804	K00101
Phatr3_J44585	K03767
Phatr3_J26290	K01682
Phatr3_J11116	K11162
Phatr3_J8521	K09518
Phatr3_J26061	K06063
Phatr3_J10824	K00559
Phatr3_J19188	K01599
Phatr3_J44492	K14682
Phatr3_J44708	K06640
Phatr3_J44474	K01537
Phatr3_J6254	K26752
Phatr3_J18859	K02920
Phatr3_EG01588	K14759
Phatr3_J26363	K23359
Phatr3_J10881	K03320
Phatr3_J11003	K06941
Phatr3_J11285	K03115
Phatr3_J11403	K08867
Phatr3_J19324	K01663
Phatr3_J259	K12874
Phatr3_EG02346	K22066
Phatr3_J19513	K18592
Phatr3_J5532	K19589
Phatr3_J19314	K02962
Phatr3_J34280	K12870
Phatr3_J19438	K14539
Phatr3_J34392	K11352
Phatr3_J44959	K09523
Phatr3_J44905	K03849
Phatr3_J34252	K09489
Phatr3_J11281	K00942
Phatr3_J44745	K11366
Phatr3_J11217	K03544
Phatr3_J2808	K09584
Phatr3_J44968	K01510
Phatr3_EG02352	K10436
Phatr3_EG02345	K08292
Phatr3_J54289	K03021
Phatr3_J11151	K01714
Phatr3_J11204	K13289
Phatr3_J44961	K03750
Phatr3_J44715	K20293
Phatr3_J51757	K09832
Phatr3_EG02349	K02291
Phatr3_J44850	K19704
Phatr3_J19413	K02923
Phatr3_J11319	K13237
Phatr3_J44781	K13109
Phatr3_J1884	K01255
Phatr3_J44868	K01255
Phatr3_J44747	K10666
Phatr3_J41886	K08683
Phatr3_J11402	K04797
Phatr3_J34538	K03237
Phatr3_J26387	K20223
Phatr3_J11131	K00942
Phatr3_J45017	K00031
Phatr3_EG02355	K09272
Phatr3_J34582	K01778
Phatr3_J11363	K12795
Phatr3_EG01302	K04409
Phatr3_J44749	K10685
Phatr3_J54326	K03142
Phatr3_J34301	K25762
Phatr3_J44776	K20289
Phatr3_J34317	K00729
Phatr3_J11271	K19476
Phatr3_J34592	K25656
Phatr3_J34216	K28206
Phatr3_J11414	K15102
Phatr3_J11391	K24926
Phatr3_J11128	K03320
Phatr3_J44902	K01914
Phatr3_J11358	K20794
Phatr3_J19341	K02734
Phatr3_J26635	K08994
Phatr3_J1874	K15029
Phatr3_J44833	K02355
Phatr3_J44884	K01183
Phatr3_J11373	K03885
Phatr3_J34441	K18678
Phatr3_J51727	K07874
Phatr3_J45032	K24810
Phatr3_J44888	K26938
Phatr3_EG01290	K03530
Phatr3_J44792	K26089
Phatr3_EG02348	K00806
Phatr3_EG02351	K05546
Phatr3_J11441	K03010
Phatr3_J44920	K00472
Phatr3_J11174	K01262
Phatr3_J34373	K11996
Phatr3_J44981	K10563
Phatr3_J34493	K03267
Phatr3_J34324	K03025
Phatr3_J11462	K15448
Phatr3_EG01335	K03341
Phatr3_J11169	K05864
Phatr3_EG01336	K17808
Phatr3_J11308	K09564
Phatr3_J11337	K17943
Phatr3_J11490	K02209
Phatr3_J1473	K21989
Phatr3_J44782	K00915
Phatr3_J11126	K02434
Phatr3_J11288	K07566
Phatr3_J11390	K09480
Phatr3_J34489	K18368
Phatr3_EG01286	K05681
Phatr3_J44917	K09414
Phatr3_J34526	K01755
Phatr3_J44790	K05286
Phatr3_J19482	K11717
Phatr3_J26515	K00413
Phatr3_J54331	K08734
Phatr3_EG01318	K03144
Phatr3_J11145	K12837
Phatr3_J26565	K07146
Phatr3_J44910	K03509
Phatr3_EG01293	K00645
Phatr3_J4700	K14299
Phatr3_J44844	K06180
Phatr3_EG01321	K12822
Phatr3_J45009	K03131
Phatr3_J34229	K05539
Phatr3_J34457	K21991
Phatr3_J26432	K00382
Phatr3_J432	K10357
Phatr3_J44969	K08869
Phatr3_J11198	K10393
Phatr3_J26405	K07238
Phatr3_J26649	K03341
Phatr3_J44955	K03526
Phatr3_J44735	K24940
Phatr3_EG01331	K07756
Phatr3_J4003	K08794
Phatr3_J11459	K17508
Phatr3_J19333	K10751
Phatr3_J5543	K27605
Phatr3_J44784	K12871
Phatr3_EG02076	K13606
Phatr3_J50848	K07739
Phatr3_J44756	K05681
Phatr3_J19518	K01754
Phatr3_J34415	K09417
Phatr3_J19300	K03032
Phatr3_J11387	K07300
Phatr3_J11189	K02355
Phatr3_J11236	K04485
Phatr3_J11273	K05275
Phatr3_EG02347	K04494
Phatr3_J44765	K11492
Phatr3_J11434	K07566
Phatr3_J19427	K00833
Phatr3_J11154	K22063
Phatr3_J26422	K24543
Phatr3_J11183	K28788
Phatr3_J8185	K02929
Phatr3_J44879	K14001
Phatr3_J2217	K25193
Phatr3_J11477	K01090
Phatr3_J34321	K00472
Phatr3_J5424	K14785
Phatr3_J44935	K22748
Phatr3_J44871	K02440
Phatr3_J41875	K01082
Phatr3_J44906	K01433
Phatr3_J44806	K04718
Phatr3_J11305	K03965
Phatr3_J19329	K01969
Phatr3_J708	K14780
Phatr3_J34385	K09568
Phatr3_J44729	K13210
Phatr3_J19708	K01676
Phatr3_J34724	K09415
Phatr3_J11843	K03455
Phatr3_J45316	K20184
Phatr3_J11652	K02520
Phatr3_J51811	K01749
Phatr3_J45319	K12852
Phatr3_J51837	K03676
Phatr3_J34685	K05681
Phatr3_J26849	K02958
Phatr3_J26948	K01280
Phatr3_J45260	K14997
Phatr3_J26975	K03253
Phatr3_J19604	K08735
Phatr3_J11799	K02899
Phatr3_J45122	K03064
Phatr3_J45294	K00072
Phatr3_J26807	K15289
Phatr3_J35065	K03039
Phatr3_J34938	K23327
Phatr3_EG02372	K13501
Phatr3_J45064	K01299
Phatr3_J26750	K10573
Phatr3_J26862	K08679
Phatr3_J45284	K12402
Phatr3_J19579	K03495
Phatr3_J51830	K01847
Phatr3_J11633	K08852
Phatr3_J45354	K11270
Phatr3_J34715	K06911
Phatr3_J45285	K16536
Phatr3_J7629	K01139
Phatr3_J45120	K01858
Phatr3_EG01394	K18178
Phatr3_J34984	K23309
Phatr3_J26780	K06168
Phatr3_J34672	K00018
Phatr3_J3046	K03453
Phatr3_J26934	K00033
Phatr3_J45202	K23518
Phatr3_EG02101	K14157
Phatr3_J45239	K15371
Phatr3_J45238	K00783
Phatr3_J11615	K03301
Phatr3_J11850	K00784
Phatr3_EG02370	K12862
Phatr3_J19705	K00721
Phatr3_J34933	K09565
Phatr3_J35064	K18587
Phatr3_J34971	K11254
Phatr3_J26813	K00003
Phatr3_J45060	K23334
Phatr3_J11888	K09272
Phatr3_J45116	K15710
Phatr3_EG01401	K20781
Phatr3_J54378	K00131
Phatr3_J26952	K01772
Phatr3_EG02092	K11275
Phatr3_J54355	K01652
Phatr3_J11866	K15102
Phatr3_J26714	K15397
Phatr3_J34752	K07305
Phatr3_J19835	K03022
Phatr3_J11741	K11584
Phatr3_J45196	K13101
Phatr3_J45191	K22761
Phatr3_J51819	K07943
Phatr3_J45234	K08582
Phatr3_EG02365	K00797
Phatr3_J11777	K06269
Phatr3_J45251	K06176
Phatr3_J11559	K08679
Phatr3_J11674	K24821
Phatr3_J19552	K14565
Phatr3_J11785	K13100
Phatr3_J19831	K17757
Phatr3_EG01425	K07305
Phatr3_J45308	K00852
Phatr3_J34896	K03707
Phatr3_J45223	K26935
Phatr3_J41928	K05609
Phatr3_EG02102	K14157
Phatr3_J26970	K03885
Phatr3_J26742	K05349
Phatr3_J45135	K14015
Phatr3_J19615	K02918
Phatr3_J7335	K07304
Phatr3_J7666	K07305
Phatr3_J35057	K01609
Phatr3_J35063	K11086
Phatr3_J45141	K00020
Phatr3_EG01365	K07140
Phatr3_J34675	K09966
Phatr3_J26925	K08819
Phatr3_J11781	K09582
Phatr3_J7173	K00794
Phatr3_EG02368	K01874
Phatr3_J11649	K03661
Phatr3_J54375	K12393
Phatr3_J19659	K11173
Phatr3_J45247	K19619
Phatr3_J19647	K14847
Phatr3_EG02364	K07376
Phatr3_J34976	K00799
Phatr3_J26980	K09493
Phatr3_J34712	K12843
Phatr3_J19568	K04499
Phatr3_EG02095	K14838
Phatr3_EG01371	K20726
Phatr3_J50872	K11253
Phatr3_J26802	K11251
Phatr3_J11823	K11252
Phatr3_J45278	K17498
Phatr3_J26896	K11254
Phatr3_J19761	K01880
Phatr3_J11740	K00762
Phatr3_J4216	K03097
Phatr3_J11733	K00933
Phatr3_J45153	K11652
Phatr3_J34798	K11251
Phatr3_J19699	K01762
Phatr3_J54360	K11252
Phatr3_J54343	K11303
Phatr3_J8445	K13207
Phatr3_J11653	K14568
Phatr3_J11811	K05607
Phatr3_J11690	K03424
Phatr3_J45164	K22073
Phatr3_J11735	K03063
Phatr3_J26775	K18758
Phatr3_J34716	K08679
Phatr3_J19669	K12184
Phatr3_J11634	K03978
Phatr3_J11841	K11253
Phatr3_J11743	K09861
Phatr3_J11722	K01866
Phatr3_J19762	K19562
Phatr3_EG01412	K13094
Phatr3_J26853	K14808
Phatr3_J54376	K19371
Phatr3_J34957	K07401
Phatr3_J26921	K01900
Phatr3_J19661	K03969
Phatr3_J54342	K01669
Phatr3_J45173	K18932
Phatr3_J11710	K20793
Phatr3_J11703	K14555
Phatr3_J11795	K02734
Phatr3_J34898	K00761
Phatr3_J34805	K21552
Phatr3_J51810	K07910
Phatr3_EG01375	K03327
Phatr3_J19692	K01465
Phatr3_J11720	K00921
Phatr3_J12106	K18156
Phatr3_J20015	K01783
Phatr3_J12238	K02926
Phatr3_EG02046	K10807
Phatr3_J35424	K06175
Phatr3_EG02035	K01462
Phatr3_J45557	K00658
Phatr3_J27125	K02910
Phatr3_EG02045	K10807
Phatr3_J11954	K26403
Phatr3_EG01004	K01192
Phatr3_J19979	K00232
Phatr3_J12243	K07304
Phatr3_J12241	K04774
Phatr3_EG02040	K13941
Phatr3_J45580	K13886
Phatr3_J45533	K12850
Phatr3_J54420	K07953
Phatr3_J12221	K09510
Phatr3_J45509	K01950
Phatr3_J51876	K10866
Phatr3_J54412	K06898
Phatr3_J35252	K10364
Phatr3_EG01052	K05309
Phatr3_EG02315	K15430
Phatr3_EG01025	K03136
Phatr3_J7966	K11797
Phatr3_J45548	K11324
Phatr3_EG02042	K01726
Phatr3_J12028	K04508
Phatr3_J35473	K28769
Phatr3_J45464	K23544
Phatr3_J12031	K01433
Phatr3_J50886	K02955
Phatr3_J11894	K14857
Phatr3_J12140	K03686
Phatr3_J35240	K07515
Phatr3_J45618	K19323
Phatr3_J45451	K28761
Phatr3_EG01012	K02902
Phatr3_J6711	K03470
Phatr3_EG01017	K16743
Phatr3_J19901	K13811
Phatr3_J45630	K26223
Phatr3_J12097	K16276
Phatr3_J27082	K15171
Phatr3_J35253	K01025
Phatr3_J12095	K06185
Phatr3_J11916	K00655
Phatr3_J20120	K15272
Phatr3_J12171	K17892
Phatr3_EG01069	K10408
Phatr3_J27246	K10742
Phatr3_J35158	K13993
Phatr3_J6554	K11811
Phatr3_J54442	K11824
Phatr3_J2648	K03364
Phatr3_J12174	K03456
Phatr3_J45496	K03714
Phatr3_J35463	K11481
Phatr3_EG01048	K09515
Phatr3_J11943	K01834
Phatr3_J45463	K10777
Phatr3_J51848	K10357
Phatr3_EG01005	K11426
Phatr3_J45482	K15984
Phatr3_J12144	K14815
Phatr3_J51921	K12818
Phatr3_EG01051	K02219
Phatr3_J5217	K01855
Phatr3_J11934	K02518
Phatr3_J3015	K05542
Phatr3_EG01033	K10742
Phatr3_EG01006	K02321
Phatr3_J11956	K15292
Phatr3_J45524	K11984
Phatr3_J11953	K02902
Phatr3_J5902	K21480
Phatr3_J35101	K01466
Phatr3_J12088	K03773
Phatr3_J27067	K08869
Phatr3_EG02318	K12869
Phatr3_J51897	K14788
Phatr3_EG02036	K24418
Phatr3_J12188	K03687
Phatr3_J27039	K09540
Phatr3_EG02041	K03106
Phatr3_J45510	K15013
Phatr3_J12161	K11092
Phatr3_J45441	K06961
Phatr3_J51869	K00010
Phatr3_J20024	K03377
Phatr3_J27166	K00058
Phatr3_J12113	K18466
Phatr3_J51916	K08740
Phatr3_J12239	K00939
Phatr3_J20143	K01897
Phatr3_J50885	K01880
Phatr3_J45494	K23485
Phatr3_J12217	K09528
Phatr3_J20082	K12349
Phatr3_J27263	K14566
Phatr3_J54405	K06573
Phatr3_J35250	K12307
Phatr3_EG01066	K08486
Phatr3_J12233	K00411
Phatr3_J12044	K08869
Phatr3_J54411	K04615
Phatr3_J11922	K10756
Phatr3_J35171	K15216
Phatr3_J11965	K03177
Phatr3_J12186	K00228
Phatr3_J3246	K11498
Phatr3_J35196	K10632
Phatr3_J12234	K14376
Phatr3_EG02314	K14312
Phatr3_J12004	K04078
Phatr3_J45657	K00469
Phatr3_J45690	K11269
Phatr3_J35233	K16743
Phatr3_J11990	K18162
Phatr3_J5043	K03178
Phatr3_J45434	K10046
Phatr3_J12172	K00861
Phatr3_J27190	K01784
Phatr3_J45592	K00058
Phatr3_J19937	K12813
Phatr3_J45443	K01673
Phatr3_J45698	K20296
Phatr3_J20007	K02737
Phatr3_J3137	K17917
Phatr3_J19982	K12856
Phatr3_J45606	K23010
Phatr3_EG02536	K24104
Phatr3_J6847	K02997
Phatr3_EG01010	K14852
Phatr3_J12155	K00218
Phatr3_EG02043	K06072
Phatr3_J35150	K03424
Phatr3_J27234	K18328
Phatr3_J45621	K05916
Phatr3_J35363	K22132
Phatr3_J45389	K09419
Phatr3_J11901	K12197
Phatr3_J45601	K08515
Phatr3_J27240	K11204
Phatr3_J35319	K23569
Phatr3_J12157	K20360
Phatr3_J45498	K09858
Phatr3_J27508	K02725
Phatr3_J35763	K13206
Phatr3_J12510	K17506
Phatr3_J12294	K03769
Phatr3_J27282	K03238
Phatr3_J35781	K19219
Phatr3_J35579	K00799
Phatr3_J35818	K00567
Phatr3_J20192	K18204
Phatr3_J20342	K00264
Phatr3_J12267	K03648
Phatr3_J35739	K00389
Phatr3_J3052	K06941
Phatr3_J27361	K08150
Phatr3_J45953	K07870
Phatr3_J12269	K06125
Phatr3_J2762	K07300
Phatr3_J45888	K14771
Phatr3_J8469	K09510
Phatr3_J20188	K14536
Phatr3_J54477	K01648
Phatr3_J27385	K01886
Phatr3_J35594	K06037
Phatr3_J54505	K04498
Phatr3_J20310	K09478
Phatr3_J20308	K10704
Phatr3_J51952	K01669
Phatr3_J45868	K26544
Phatr3_J12538	K10597
Phatr3_J45848	K18749
Phatr3_J12309	K12873
Phatr3_J45880	K17424
Phatr3_J45828	K14856
Phatr3_J12431	K01115
Phatr3_J45826	K04082
Phatr3_J45997	K00873
Phatr3_J45773	K01358
Phatr3_J45777	K01834
Phatr3_J51970	K00029
Phatr3_J35869	K11407
Phatr3_J12305	K11412
Phatr3_J12424	K24195
Phatr3_J45779	K03132
Phatr3_J45782	K15377
Phatr3_EG00980	K01961
Phatr3_EG02308	K11661
Phatr3_J20335	K17820
Phatr3_J27375	K10598
Phatr3_J35566	K00760
Phatr3_J46005	K20291
Phatr3_J27286	K09578
Phatr3_J12405	K15109
Phatr3_J54493	K12447
Phatr3_J46012	K14550
Phatr3_EG00957	K02893
Phatr3_J35513	K02935
Phatr3_J12252	K06027
Phatr3_J12378	K09529
Phatr3_J45871	K14557
Phatr3_J45947	K07508
Phatr3_J51953	K22684
Phatr3_EG02309	K00161
Phatr3_J35680	K03015
Phatr3_J12373	K03522
Phatr3_J45921	K17609
Phatr3_J12331	K22390
Phatr3_J45727	K14805
Phatr3_J45906	K11407
Phatr3_J12384	K05543
Phatr3_J45770	K17609
Phatr3_J35819	K00383
Phatr3_J12379	K13348
Phatr3_J54495	K14685
Phatr3_J45764	K04498
Phatr3_J46001	K00873
Phatr3_J45989	K12855
Phatr3_J45914	K10884
Phatr3_J12322	K12587
Phatr3_J41969	K07513
Phatr3_J12355	K02935
Phatr3_J12533	K01823
Phatr3_J12262	K13348
Phatr3_J45757	K01113
Phatr3_J12452	K01535
Phatr3_EG02306	K02739
Phatr3_J45928	K21195
Phatr3_J12516	K13127
Phatr3_EG02310	K01866
Phatr3_J45734	K21841
Phatr3_J12501	K00858
Phatr3_J35659	K24189
Phatr3_EG00991	K05870
Phatr3_J35509	K02293
Phatr3_J12339	K08866
Phatr3_J20262	K02206
Phatr3_J20331	K02716
Phatr3_J20183	K00162
Phatr3_J35580	K01514
Phatr3_J20227	K03030
Phatr3_J35556	K09291
Phatr3_J12451	K07023
Phatr3_J45824	K14209
Phatr3_J54476	K01455
Phatr3_J20318	K21147
Phatr3_J12520	K08142
Phatr3_J45959	K01113
Phatr3_J45841	K05955
Phatr3_J54499	K08901
Phatr3_J45980	K00729
Phatr3_J35810	K17794
Phatr3_J12394	K14842
Phatr3_EG02026	K02725
Phatr3_J35504	K10732
Phatr3_J45840	K11095
Phatr3_J54478	K01638
Phatr3_J12436	K00939
Phatr3_J45807	K07204
Phatr3_J12420	K01897
Phatr3_J45850	K11412
Phatr3_J45992	K00798
Phatr3_EG02305	K15505
Phatr3_J12330	K01770
Phatr3_J50914	K10680
Phatr3_J45854	K14297
Phatr3_J12416	K05601
Phatr3_J12366	K12900
Phatr3_EG02028	K12823
Phatr3_J45758	K00327
Phatr3_J35595	K20777
Phatr3_J45873	K20403
Phatr3_J12354	K02935
Phatr3_J45845	K09838
Phatr3_J45809	K12864
Phatr3_J45886	K01966
Phatr3_J27429	K02295
Phatr3_J35733	K28778
Phatr3_J20547	K01687
Phatr3_J12757	K00001
Phatr3_J12808	K00276
Phatr3_J46133	K00417
Phatr3_J12940	K06179
Phatr3_J36142	K08266
Phatr3_J12902	K00366
Phatr3_J46154	K08853
Phatr3_J36139	K01679
Phatr3_J12572	K13989
Phatr3_EG01110	K12322
Phatr3_J8096	K09539
Phatr3_J20434	K03031
Phatr3_J35989	K11323
Phatr3_J27639	K00910
Phatr3_J12807	K04040
Phatr3_J46259	K13179
Phatr3_J12605	K03702
Phatr3_J46257	K12611
Phatr3_J36226	K02882
Phatr3_J27518	K17302
Phatr3_J36198	K10580
Phatr3_J20657	K02115
Phatr3_J35949	K15106
Phatr3_J20589	K07561
Phatr3_J46031	K01011
Phatr3_J46207	K10398
Phatr3_J27762	K10577
Phatr3_J42003	K01697
Phatr3_J54528	K05605
Phatr3_J46292	K11858
Phatr3_J46213	K23802
Phatr3_J46330	K24139
Phatr3_J20470	K05928
Phatr3_J54534	K07374
Phatr3_J12877	K10144
Phatr3_J12587	K17086
Phatr3_J46289	K07199
Phatr3_J46040	K01011
Phatr3_J46097	K05015
Phatr3_J46126	K17279
Phatr3_J12679	K14846
Phatr3_J27659	K02879
Phatr3_J46020	K11251
Phatr3_J36014	K07115
Phatr3_J2418	K10395
Phatr3_J27719	K01267
Phatr3_J35966	K14841
Phatr3_J12896	K24029
Phatr3_J20574	K10843
Phatr3_J12762	K00620
Phatr3_J46188	K03671
Phatr3_J12888	K01693
Phatr3_J36257	K01621
Phatr3_J36081	K02835
Phatr3_J46210	K04515
Phatr3_J12732	K00939
Phatr3_J35984	K15111
Phatr3_J46304	K24524
Phatr3_EG01095	K02945
Phatr3_J46086	K06184
Phatr3_J20424	K20989
Phatr3_J36013	K01887
Phatr3_J46063	K01309
Phatr3_J46132	K18752
Phatr3_J12583	K04564
Phatr3_J54535	K00140
Phatr3_J36034	K02221
Phatr3_EG01078	K04482
Phatr3_EG02322	K11840
Phatr3_J12783	K03363
Phatr3_J42002	K17086
Phatr3_J20504	K16055
Phatr3_J46264	K00898
Phatr3_J42015	K01899
Phatr3_J36149	K12394
Phatr3_J46184	K23398
Phatr3_J46122	K12179
Phatr3_J12925	K00589
Phatr3_EG02321	K02641
Phatr3_J12868	K03113
Phatr3_J5702	K06927
Phatr3_J46194	K15272
Phatr3_J12820	K13412
Phatr3_J46169	K13110
Phatr3_J46251	K06258
Phatr3_J5738	K17262
Phatr3_J46145	K14837
Phatr3_J3787	K01477
Phatr3_J12713	K03564
Phatr3_EG02323	K03235
Phatr3_J8091	K03671
Phatr3_J27534	K24611
Phatr3_EG02320	K01267
Phatr3_J20508	K10205
Phatr3_J12788	K28105
Phatr3_J12878	K07588
Phatr3_J46215	K20352
Phatr3_J27709	K01890
Phatr3_J12586	K06179
Phatr3_J54536	K01201
Phatr3_J12614	K03115
Phatr3_J12884	K09480
Phatr3_J12752	K11839
Phatr3_J12810	K01693
Phatr3_J42018	K02641
Phatr3_J12799	K17081
Phatr3_J27735	K01951
Phatr3_J36253	K14347
Phatr3_J12663	K01759
Phatr3_J46220	K06990
Phatr3_J20460	K13517
Phatr3_J36252	K09228
Phatr3_J46095	K21777
Phatr3_J50959	K06929
Phatr3_J2097	K11594
Phatr3_J36165	K00652
Phatr3_J5423	K00949
Phatr3_J36259	K28105
Phatr3_J12642	K01581
Phatr3_J1947	K01669
Phatr3_J12674	K11295
Phatr3_J12731	K02735
Phatr3_J36256	K00925
Phatr3_J7107	K00569
Phatr3_J20716	K12876
Phatr3_J27851	K02947
Phatr3_J36016	K09506
Phatr3_J46123	K20029
Phatr3_J20608	K00962
Phatr3_J36079	K10632
Phatr3_J12779	K03020
Phatr3_J12595	K01265
Phatr3_J12645	K10773
Phatr3_J46175	K13125
Phatr3_J12729	K23565
Phatr3_J12620	K06027
Phatr3_J768	K20989
Phatr3_J12589	K00859
Phatr3_EG01147	K04558
Phatr3_J12898	K12817
Phatr3_J12921	K03681
Phatr3_J54511	K17301
Phatr3_J6839	K09420
Phatr3_J12740	K15528
Phatr3_J27726	K00819
Phatr3_EG02534	K01889
Phatr3_EG02527	K23025
Phatr3_EG02525	K03715
Phatr3_EG02522	K15172
Phatr3_EG02521	K07203
Phatr3_EG02518	K12493
Phatr3_EG02516	K07203
Phatr3_EG02515	K18655
Phatr3_EG02513	K08960
Phatr3_EG02512	K05850
Phatr3_EG02505	K11886
Phatr3_EG02503	K11292
Phatr3_EG02500	K01411
Phatr3_EG02499	K07052
Phatr3_EG02496	K00059
Phatr3_EG02492	K28778
Phatr3_EG02481	K14401
Phatr3_EG02479	K02519
Phatr3_EG02478	K07025
Phatr3_EG02477	K02995
Phatr3_EG02473	K11660
Phatr3_EG02472	K14401
Phatr3_EG02462	K03065
Phatr3_EG02461	K00655
Phatr3_EG02457	K19539
Phatr3_EG02456	K06269
Phatr3_EG02451	K01725
Phatr3_EG02446	K14864
Phatr3_EG02437	K00670
Phatr3_EG02434	K01265
Phatr3_EG02433	K04523
Phatr3_EG02428	K25817
Phatr3_EG02427	K18342
Phatr3_EG02552	K02885
Phatr3_EG02555	K11497
Phatr3_EG02556	K12734
Phatr3_EG02562	K00102
Phatr3_EG02566	K11600
Phatr3_EG02568	K19513
Phatr3_EG02569	K03783
Phatr3_EG02582	K15275
Phatr3_EG02585	K05681
Phatr3_EG02588	K14648
Phatr3_EG02598	K10870
Phatr3_EG02599	K03255
Phatr3_EG02600	K24865
Phatr3_EG02608	K02575
Phatr3_EG02611	K01535
Phatr3_EG02613	K01835
Phatr3_EG02614	K01814
Phatr3_EG02615	K17600
Phatr3_EG02618	K21768
Phatr3_EG02623	K18443
Phatr3_EG02624	K09414
Phatr3_EG02628	K11976
Phatr3_EG02630	K08819
Phatr3_EG02638	K02731
Phatr3_EG02639	K12307
Phatr3_EG02641	K17681
Phatr3_EG02643	K09490
Phatr3_EG02646	K26544
Phatr3_EG02648	K00681
Phatr3_EG02658	K06671
Phatr3_EG02661	K11098
Phatr3_J45192	K00939
Phatr3_J9168	K11088
Phatr3_J11458	K03249
Phatr3_J43673	K27605
Phatr3_J13922	K26683
Phatr3_J7646	K01520
Phatr3_J10196	K02922
Phatr3_J54323	K08770
Phatr3_J9728	K27583
Phatr3_J51931	K08770
Phatr3_J14397	K13338
Phatr3_J13633	K28777
Phatr3_J44752	K05681
Phatr3_J4129	K04373
Phatr3_J35318	K09650
Phatr3_J468	K02542
Phatr3_J12292	K02913
Phatr3_J9897	K03671
Phatr3_J17184	K11434
Phatr3_J34610	K03434
Phatr3_J20588	K11099
Phatr3_J37877	K10277
Phatr3_J8239	K03686
Phatr3_J42578	K17553
Phatr3_J19103	K02959
Phatr3_J43359	K13093
Phatr3_J15922	K03664
Phatr3_J8475	K06173
Phatr3_J27326	K28105
Phatr3_J13004	K15235
Phatr3_J35766	K03234
Phatr3_J27118	K02977
Phatr3_J16125	K02924
Phatr3_EG02363	K00006
Phatr3_EG02361	K00814
Phatr3_draftJ1704	K03950
Phatr3_J36485	K19765
Phatr3_EG02288	K00434
Phatr3_J46620	K10419
Phatr3_J13167	K15275
Phatr3_J36721	K04534
Phatr3_J36981	K13993
Phatr3_J46906	K14313
Phatr3_J47149	K15148
Phatr3_J47237	K26537
Phatr3_J52200	K03116
Phatr3_J14003	K08823
Phatr3_J2087	K13998
Phatr3_EG00603	K13350
Phatr3_J14867	K22063
Phatr3_EG00684	K17822
Phatr3_J14898	K17785
Phatr3_J48489	K03245
Phatr3_J48359	K02717
Phatr3_J14996	K02221
Phatr3_J39057	K18170
Phatr3_J15341	K13347
Phatr3_EG00369	K14458
Phatr3_J54956	K14525
Phatr3_J5762	K17759
Phatr3_J31432	K12839
Phatr3_J9529	K03654
Phatr3_J31870	K01112
Phatr3_J5889	K02731
Phatr3_J9157	K14803
Phatr3_EG01840	K00856
Phatr3_J43244	K08493
Phatr3_J17372	K04370
Phatr3_J51430	K01885
Phatr3_J9308	K16329
Phatr3_J42595	K10276
Phatr3_J9478	K05941/K25587
Phatr3_J9171	K09585
Phatr3_J39529	K02135
Phatr3_J54974	K13535
Phatr3_J15632	K02943
Phatr3_EG00447	K03005
Phatr3_J49224	K14686
Phatr3_J2542	K18798
Phatr3_J49172	K17780
Phatr3_EG00335	K19828
Phatr3_J16018	K03596
Phatr3_J55057	K02714
Phatr3_J30394	K12483
Phatr3_J49399	K17969
Phatr3_EG00284	K15128
Phatr3_J23371	K06942
Phatr3_J16073	K17679
Phatr3_J49630	K20347
Phatr3_EG00307	K10745
Phatr3_J40521	K08493
Phatr3_EG00252	K28098
Phatr3_J16540	K00129
Phatr3_J23672	K15109
Phatr3_J16571	K01835
Phatr3_J50189	K03301
Phatr3_J16766	K12590
Phatr3_J16798	K08515
Phatr3_J50216	K25661
Phatr3_J31160	K07905
Phatr3_J55192	K07511
Phatr3_J32860	K16344
Phatr3_J10128	K22939
Phatr3_J18194	K15181
Phatr3_EG01536	K11090
Phatr3_J50741	K22101
Phatr3_J54139	K11786
Phatr3_EG01537	K22745
Phatr3_J54082	K00029
Phatr3_EG01470	K28128
Phatr3_EG01473	K08336
Phatr3_EG02519	K00852
Phatr3_J51630	K25304
Phatr3_J18551	K13289
Phatr3_J44050	K02152
Phatr3_J10595	K22767
Phatr3_J43905	K13983
Phatr3_J10628	K06631
Phatr3_EG01648	K17781
Phatr3_J33504	K11368
Phatr3_J11016	K02267
Phatr3_EG01592	K21893
Phatr3_J10666	K15437
Phatr3_EG01603	K12619
Phatr3_J19513	K00681
Phatr3_J44971	K02942
Phatr3_J44850	K01090
Phatr3_J34391	K18172
Phatr3_J44799	K07025
Phatr3_J11259	K02367
Phatr3_EG01380	K17784
Phatr3_J35050	K28766
Phatr3_J34933	K03767
Phatr3_J11740	K13421
Phatr3_J45464	K25661
Phatr3_J45527	K11599
Phatr3_J35463	K08850
Phatr3_J20026	K05656
Phatr3_EG02044	K13941
Phatr3_J20342	K00266
Phatr3_J35587	K03327
Phatr3_J35659	K17623
Phatr3_J20262	K04563
Phatr3_J45993	K15262
Phatr3_J46053	K10740
Phatr3_J12641	K17506
Phatr3_J8598	K21777
Phatr3_J12786	K17506
Phatr3_J27821	K16911
Phatr3_J36161	K17867
Phatr3_EG01128	K10881
Phatr3_EG01111	K28083
Phatr3_EG02577	K08493
Phatr3_EG02636	K08860
Phatr3_J12523	K28105
